test_Adachi_00001.jpg,2 19 233 220 561
test_Adachi_00002.jpg,2 102 189 287 594
test_Adachi_00003.jpg,2 0 292 206 440
test_Adachi_00004.jpg,8 113 281 234 574 1 416 396 588 576
test_Adachi_00005.jpg,3 171 489 593 557
test_Adachi_00006.jpg,2 38 295 163 517
test_Adachi_00007.jpg,5 -19 258 563 559
test_Adachi_00008.jpg,8 348 304 428 356 8 174 294 222 362 2 334 279 575 488
test_Adachi_00009.jpg,2 348 319 538 593
test_Adachi_00010.jpg,2 245 268 346 582 2 423 209 581 418
test_Adachi_00011.jpg,2 208 308 477 571 3 29 361 267 416
test_Adachi_00012.jpg,2 389 390 569 589
test_Adachi_00013.jpg,2 376 296 505 550
test_Adachi_00014.jpg,2 193 365 332 588
test_Adachi_00015.jpg,3 368 364 587 456 8 449 220 593 363 1 100 95 253 530
test_Adachi_00016.jpg,1 376 381 479 525
test_Adachi_00017.jpg,2 230 290 304 576
test_Adachi_00018.jpg,2 337 309 417 590
test_Adachi_00019.jpg,8 360 447 457 591 4 6 549 254 571 2 235 465 279 558
test_Adachi_00020.jpg,5 -3 177 613 546
test_Adachi_00021.jpg,2 145 162 279 557
test_Adachi_00022.jpg,3 133 349 540 411 1 294 466 410 596 1 195 342 275 446 2 289 310 318 362
test_Adachi_00023.jpg,8 284 234 461 297 2 55 284 238 586
test_Adachi_00024.jpg,2 34 199 300 585
test_Adachi_00025.jpg,2 302 261 373 591
test_Adachi_00026.jpg,1 211 450 394 599
test_Adachi_00027.jpg,1 254 274 318 389 3 339 344 508 380
test_Adachi_00028.jpg,8 396 360 536 597 2 308 171 419 375
test_Adachi_00029.jpg,2 298 190 375 593 8 6 220 202 348
test_Adachi_00030.jpg,7 74 173 597 387
test_Adachi_00031.jpg,4 37 436 581 482 2 276 458 407 589 2 144 261 420 440
test_Adachi_00032.jpg,7 -1 340 599 518
test_Adachi_00033.jpg,2 262 156 344 534
test_Adachi_00034.jpg,7 13 398 596 600 2 281 290 333 347
test_Adachi_00035.jpg,2 201 376 456 532
test_Adachi_00036.jpg,2 426 239 598 422
test_Adachi_00037.jpg,2 422 218 550 366
test_Adachi_00038.jpg,2 358 367 596 551
test_Adachi_00039.jpg,5 303 407 447 527 2 247 176 317 423 8 352 343 541 527
test_Adachi_00040.jpg,5 0 276 503 485 3 130 506 597 572
test_Adachi_00041.jpg,2 80 234 243 579 2 379 266 531 555 4 112 498 542 555
test_Adachi_00042.jpg,8 452 294 597 508 1 263 199 315 315
test_Adachi_00043.jpg,8 430 274 601 501
test_Adachi_00044.jpg,4 5 318 598 408 2 1 150 156 283 2 39 149 217 531
test_Adachi_00045.jpg,2 350 210 513 605 8 230 284 375 553
test_Adachi_00046.jpg,2 7 201 263 475 8 363 161 493 568
test_Adachi_00047.jpg,7 121 260 372 299 1 138 295 255 496
test_Adachi_00048.jpg,7 129 153 595 268
test_Adachi_00049.jpg,1 241 292 348 414 3 122 268 582 360
test_Adachi_00050.jpg,2 374 343 593 605 3 492 461 594 493 8 331 310 392 342
test_Adachi_00051.jpg,5 70 282 451 541 2 294 106 485 250
test_Adachi_00052.jpg,1 417 272 482 356 3 125 335 600 391
test_Adachi_00053.jpg,2 93 356 280 572 8 404 320 526 527
test_Adachi_00054.jpg,2 136 337 258 406 2 123 408 167 594 7 244 308 377 345
test_Adachi_00055.jpg,7 3 180 350 511 2 432 192 472 260
test_Adachi_00056.jpg,2 366 271 523 581 7 233 187 485 250
test_Adachi_00057.jpg,1 232 472 287 597 8 345 410 381 463
test_Adachi_00058.jpg,1 290 123 601 444
test_Adachi_00059.jpg,2 123 291 288 580
test_Adachi_00060.jpg,2 394 298 474 417 4 396 247 538 264 4 420 289 574 319
test_Adachi_00061.jpg,1 454 289 594 454
test_Adachi_00062.jpg,7 24 350 599 496
test_Adachi_00063.jpg,2 484 295 592 426
test_Adachi_00064.jpg,8 116 346 260 586
test_Adachi_00065.jpg,8 463 414 601 577 2 387 330 461 422
test_Adachi_00066.jpg,7 4 385 605 596
test_Adachi_00067.jpg,2 198 388 249 601
test_Adachi_00068.jpg,3 88 288 605 584
test_Adachi_00069.jpg,5 9 185 191 426
test_Adachi_00070.jpg,2 331 369 479 586
test_Adachi_00071.jpg,2 329 295 396 415 4 101 402 588 439
test_Adachi_00072.jpg,2 75 412 163 566 4 -3 407 139 445
test_Adachi_00073.jpg,2 424 471 529 585 8 388 442 565 490
test_Adachi_00074.jpg,1 436 428 568 593 3 262 342 430 420
test_Adachi_00075.jpg,2 124 410 198 592
test_Adachi_00076.jpg,8 106 288 601 517
test_Adachi_00077.jpg,2 400 413 447 589 3 6 557 158 579
test_Adachi_00078.jpg,8 349 242 597 422 1 365 292 517 469
test_Adachi_00079.jpg,8 163 340 228 585
test_Adachi_00080.jpg,2 313 303 506 601 8 374 320 591 563 2 180 286 251 395
test_Adachi_00081.jpg,7 18 304 480 410
test_Adachi_00082.jpg,2 484 233 595 332 2 92 261 267 437
test_Adachi_00083.jpg,8 248 179 331 293 2 333 207 431 558 8 3 296 151 474
test_Adachi_00084.jpg,1 378 459 486 591
test_Adachi_00085.jpg,2 148 284 263 579
test_Adachi_00086.jpg,1 134 305 263 520 1 330 302 416 413
test_Adachi_00087.jpg,2 343 438 416 591 4 356 422 586 461
test_Adachi_00088.jpg,2 197 291 271 482
test_Adachi_00089.jpg,8 283 371 444 542 2 470 436 533 587
test_Adachi_00090.jpg,8 396 283 594 532 1 187 271 286 388 1 112 446 296 588
test_Adachi_00091.jpg,1 122 384 296 586
test_Adachi_00092.jpg,2 211 345 293 585
test_Adachi_00093.jpg,2 219 294 273 593 8 161 344 592 536
test_Adachi_00094.jpg,2 356 253 604 511
test_Adachi_00095.jpg,4 390 322 508 420 2 194 362 284 586
test_Adachi_00096.jpg,2 266 263 416 590 8 284 333 512 417
test_Adachi_00097.jpg,1 11 323 342 520
test_Adachi_00098.jpg,7 163 297 600 389 2 159 375 254 583 1 401 411 452 492
test_Adachi_00099.jpg,8 38 292 205 598 8 426 271 591 365
test_Adachi_00100.jpg,7 0 434 604 590
test_Adachi_00101.jpg,2 387 282 543 473
test_Adachi_00102.jpg,2 44 183 202 511
test_Adachi_00103.jpg,5 300 341 450 517
test_Adachi_00104.jpg,7 5 200 594 505
test_Adachi_00105.jpg,1 108 112 242 554 3 305 326 603 370
test_Adachi_00106.jpg,2 380 297 558 588 1 152 466 206 559
test_Adachi_00107.jpg,8 43 140 271 584 2 335 141 581 572 8 400 201 592 334 8 276 158 353 219
test_Adachi_00108.jpg,2 52 99 167 280
test_Adachi_00109.jpg,2 484 432 592 554
test_Adachi_00110.jpg,1 279 408 351 583
test_Adachi_00111.jpg,4 3 359 353 489 4 110 185 612 269 7 64 136 288 216 2 327 247 487 463
test_Adachi_00112.jpg,2 312 229 374 568
test_Adachi_00113.jpg,8 174 326 395 436 2 174 234 260 432
test_Adachi_00114.jpg,1 298 297 382 360 3 298 342 519 436 3 261 445 415 512
test_Adachi_00115.jpg,2 292 318 342 590 8 502 430 596 536
test_Adachi_00116.jpg,2 204 247 279 558
test_Adachi_00117.jpg,2 315 376 392 536 3 392 454 582 546 2 227 372 286 587
test_Adachi_00118.jpg,3 44 388 368 420 3 31 461 482 510 1 259 307 346 400
test_Adachi_00119.jpg,7 132 332 588 564
test_Adachi_00120.jpg,3 202 436 546 540 2 393 248 560 545
test_Adachi_00121.jpg,3 10 447 577 481
test_Adachi_00122.jpg,1 108 261 404 559
test_Adachi_00123.jpg,2 338 285 368 598
test_Adachi_00124.jpg,1 378 357 598 583 1 246 339 354 594
test_Adachi_00125.jpg,8 395 412 564 592 7 115 319 600 444
test_Adachi_00126.jpg,2 408 208 594 458 1 215 257 308 324
test_Adachi_00127.jpg,8 368 305 594 546 1 136 437 243 591
test_Adachi_00128.jpg,1 16 313 248 573
test_Adachi_00129.jpg,2 427 255 557 378
test_Adachi_00130.jpg,2 56 285 263 597 8 388 198 599 454 2 428 358 573 579
test_Adachi_00131.jpg,5 239 373 483 517
test_Adachi_00132.jpg,1 326 341 387 570 8 170 304 313 430
test_Adachi_00133.jpg,2 426 276 592 527 2 331 278 382 588
test_Adachi_00134.jpg,8 329 350 602 559 2 0 299 117 481
test_Adachi_00135.jpg,1 352 355 529 503 1 36 422 193 567
test_Adachi_00136.jpg,7 47 235 620 604 2 286 71 366 150 4 357 139 501 152
test_Adachi_00137.jpg,1 434 289 605 443
test_Adachi_00138.jpg,8 229 199 408 361 2 430 291 598 530
test_Adachi_00139.jpg,1 454 426 589 597
test_Adachi_00140.jpg,8 434 387 585 606 4 416 366 581 403 2 285 296 315 394
test_Adachi_00141.jpg,2 268 295 416 571
test_Adachi_00142.jpg,8 384 366 583 599
test_Adachi_00143.jpg,1 308 261 478 555
test_Adachi_00144.jpg,7 26 311 559 397 8 319 387 537 573
test_Adachi_00145.jpg,3 267 294 498 375 8 88 381 587 417 3 8 458 604 592
test_Adachi_00146.jpg,2 363 375 452 555 8 390 435 519 590 4 117 364 660 383
test_Adachi_00147.jpg,2 317 336 377 595
test_Adachi_00148.jpg,3 160 505 557 562
test_Adachi_00149.jpg,2 243 437 273 589 2 240 289 264 395 4 288 439 491 455
test_Adachi_00150.jpg,4 130 532 596 581
test_Adachi_00151.jpg,2 338 262 391 331 1 212 332 572 537
test_Adachi_00152.jpg,2 207 330 269 551 4 277 520 566 552
test_Adachi_00153.jpg,8 359 306 501 406 1 279 442 355 584 8 337 419 600 446
test_Adachi_00154.jpg,3 426 425 568 450 2 405 381 552 584
test_Adachi_00155.jpg,2 353 268 602 515 8 500 413 590 497 8 389 302 457 371
test_Adachi_00156.jpg,7 33 240 591 480
test_Adachi_00157.jpg,2 381 350 460 600
test_Adachi_00158.jpg,5 166 371 592 588
test_Adachi_00159.jpg,2 221 219 259 592
test_Adachi_00160.jpg,2 312 334 398 594
test_Adachi_00161.jpg,7 133 345 460 587
test_Adachi_00162.jpg,2 412 240 594 510
test_Adachi_00163.jpg,2 364 316 555 540
test_Adachi_00164.jpg,5 90 286 477 571 2 247 207 312 307
test_Adachi_00165.jpg,7 17 186 591 398
test_Adachi_00166.jpg,2 105 219 205 594
test_Adachi_00167.jpg,2 354 320 465 597 4 29 266 588 390 2 208 220 295 308
test_Adachi_00168.jpg,2 354 468 422 592
test_Adachi_00169.jpg,1 199 320 297 562 2 340 286 542 383
test_Adachi_00170.jpg,5 84 405 595 594
test_Adachi_00171.jpg,8 409 378 600 549 2 339 300 501 454
test_Adachi_00172.jpg,2 162 214 279 399
test_Adachi_00173.jpg,2 345 342 556 591
test_Adachi_00174.jpg,2 174 115 211 172
test_Adachi_00175.jpg,1 359 296 440 580 1 471 473 593 590 3 183 391 296 431
test_Adachi_00176.jpg,1 408 323 476 428
test_Adachi_00177.jpg,2 414 263 550 588
test_Adachi_00178.jpg,7 0 262 381 438 2 68 247 258 607
test_Adachi_00179.jpg,5 45 380 580 595 8 301 307 515 603
test_Adachi_00180.jpg,2 327 197 404 601 2 21 180 260 325
test_Adachi_00181.jpg,2 348 191 421 325
test_Adachi_00182.jpg,2 347 188 561 565
test_Adachi_00183.jpg,1 436 285 600 483
test_Adachi_00184.jpg,1 170 210 263 448
test_Adachi_00185.jpg,1 260 405 404 599 2 246 310 289 415
test_Adachi_00186.jpg,2 55 241 172 437 1 191 215 481 326 2 152 230 230 496
test_Adachi_00187.jpg,1 412 249 577 501 1 112 333 244 532
test_Adachi_00188.jpg,1 331 271 385 547
test_Adachi_00189.jpg,2 112 187 271 565 2 5 232 126 341 4 173 343 543 389 2 488 376 595 524
test_Adachi_00190.jpg,8 255 433 357 592
test_Adachi_00191.jpg,1 462 233 591 436 8 255 152 418 281
test_Adachi_00192.jpg,2 232 130 337 508 8 467 361 595 529
test_Adachi_00193.jpg,2 390 373 548 597
test_Adachi_00194.jpg,2 429 379 594 561
test_Adachi_00195.jpg,3 63 415 356 551
test_Adachi_00196.jpg,2 351 320 547 554
test_Adachi_00197.jpg,8 396 408 485 582
test_Adachi_00198.jpg,2 387 330 580 530
test_Adachi_00199.jpg,1 147 175 304 419 1 347 198 464 398
test_Adachi_00200.jpg,8 424 339 601 498 4 224 333 409 352
test_Adachi_00201.jpg,2 299 440 373 585 8 310 463 359 541 8 367 377 487 471
test_Adachi_00202.jpg,8 260 335 414 393 2 86 384 299 591
test_Adachi_00203.jpg,2 284 325 342 582
test_Adachi_00204.jpg,8 281 344 390 594
test_Adachi_00205.jpg,2 236 160 309 573
test_Adachi_00206.jpg,8 467 327 606 494 2 253 255 293 355
test_Adachi_00207.jpg,1 401 198 593 385
test_Adachi_00208.jpg,2 125 396 218 513 5 303 407 552 586 2 384 305 467 423
test_Adachi_00209.jpg,2 12 143 197 446 1 391 270 560 528
test_Adachi_00210.jpg,8 66 352 417 594
test_Adachi_00211.jpg,1 348 207 514 460 1 109 217 270 493
test_Adachi_00212.jpg,1 60 380 198 518
test_Adachi_00213.jpg,2 236 320 295 535
test_Adachi_00214.jpg,1 28 411 143 564 8 365 334 581 577
test_Adachi_00215.jpg,2 350 206 519 551 8 3 295 147 439
test_Adachi_00216.jpg,1 450 346 601 438 2 248 460 314 597 1 143 327 259 448
test_Adachi_00217.jpg,7 22 313 584 510
test_Adachi_00218.jpg,7 28 239 315 446 2 431 210 552 559
test_Adachi_00219.jpg,5 347 422 438 505 3 368 428 591 505 1 187 406 257 509 3 424 361 566 394
test_Adachi_00220.jpg,1 381 451 495 525 3 243 348 545 415 4 58 547 609 586
test_Adachi_00221.jpg,1 380 423 463 522 8 403 378 548 553
test_Adachi_00222.jpg,1 456 290 579 439 5 108 430 581 592
test_Adachi_00223.jpg,5 275 426 391 463 5 413 370 547 408 4 216 421 600 445 4 213 388 610 406
test_Adachi_00224.jpg,2 184 350 274 583 2 272 146 321 306 4 1 348 511 386 4 459 300 582 334
test_Adachi_00225.jpg,8 8 255 250 584 8 173 217 543 538
test_Adachi_00226.jpg,2 276 300 585 523
test_Adachi_00227.jpg,8 116 222 218 304
test_Adachi_00228.jpg,7 56 315 607 593
test_Adachi_00229.jpg,8 388 390 598 430
test_Adachi_00230.jpg,7 -4 282 592 589
test_Adachi_00231.jpg,1 355 175 584 454 1 141 82 295 604
test_Adachi_00232.jpg,8 407 444 508 597
test_Adachi_00233.jpg,2 70 103 235 458 1 325 169 445 390
test_Adachi_00234.jpg,2 345 428 464 592
test_Adachi_00235.jpg,7 151 154 599 297
test_Adachi_00236.jpg,8 400 268 600 488 8 88 264 243 410
test_Adachi_00237.jpg,8 341 340 596 512 3 68 393 323 470
test_Adachi_00238.jpg,2 236 203 274 514
test_Adachi_00239.jpg,1 488 381 596 546
test_Adachi_00240.jpg,2 173 303 216 586
test_Adachi_00241.jpg,2 119 444 204 593 4 175 420 612 448
test_Adachi_00242.jpg,8 422 307 597 507 1 2 306 238 536
test_Adachi_00243.jpg,8 213 470 509 595
test_Adachi_00244.jpg,8 373 485 450 603
test_Adachi_00245.jpg,1 441 307 579 561
test_Adachi_00246.jpg,4 9 210 584 300
test_Adachi_00247.jpg,7 271 319 568 374 2 442 396 593 550
test_Adachi_00248.jpg,5 210 289 593 569
test_Adachi_00249.jpg,8 133 350 494 606 3 284 439 556 459
test_Adachi_00250.jpg,2 306 304 437 596 1 126 304 229 420
test_Adachi_00251.jpg,1 329 390 479 523
test_Adachi_00252.jpg,8 299 284 582 466 1 285 316 420 458 8 376 447 472 581
test_Adachi_00253.jpg,1 1 175 466 497
test_Adachi_00254.jpg,2 323 182 452 481 8 3 202 139 382
test_Adachi_00255.jpg,2 348 340 420 591
test_Adachi_00256.jpg,8 489 357 601 462 1 184 444 325 589
test_Adachi_00257.jpg,7 13 159 599 325
test_Adachi_00258.jpg,2 395 380 560 592
test_Adachi_00259.jpg,5 -1 288 616 506
test_Adachi_00260.jpg,2 350 291 609 473 3 1 474 360 508 4 110 389 361 457 8 397 324 458 365
test_Adachi_00261.jpg,8 11 57 192 325
test_Adachi_00262.jpg,7 44 382 582 568
test_Adachi_00263.jpg,2 385 348 567 584
test_Adachi_00264.jpg,8 360 258 597 379 5 293 369 483 512
test_Adachi_00265.jpg,3 99 176 602 413
test_Adachi_00266.jpg,1 54 289 206 487 8 6 277 97 409 4 209 254 675 273
test_Adachi_00267.jpg,2 392 292 482 553
test_Adachi_00268.jpg,1 259 323 338 409
test_Adachi_00269.jpg,7 16 375 578 599 2 381 305 466 384
test_Adachi_00270.jpg,2 183 345 249 592
test_Adachi_00271.jpg,7 3 331 602 599
test_Adachi_00272.jpg,8 11 170 274 546 2 360 222 568 579 8 268 170 354 221
test_Adachi_00273.jpg,2 148 235 270 585 8 238 287 389 414
test_Adachi_00274.jpg,2 167 269 432 593
test_Adachi_00275.jpg,2 368 204 520 459
test_Adachi_00276.jpg,2 407 278 594 520
test_Adachi_00277.jpg,2 19 345 115 477
test_Adachi_00278.jpg,8 388 321 588 495
test_Adachi_00279.jpg,1 328 305 515 580 2 1 341 162 476
test_Adachi_00280.jpg,4 168 486 538 519
test_Adachi_00281.jpg,2 3 291 219 590 1 148 391 321 546
test_Adachi_00282.jpg,1 62 219 280 483 1 340 206 463 420
test_Adachi_00283.jpg,4 69 388 595 457 4 115 327 562 359 1 395 332 579 466
test_Adachi_00284.jpg,2 259 395 362 591
test_Adachi_00285.jpg,7 147 303 609 477 2 363 202 471 334
test_Adachi_00286.jpg,3 16 308 560 568
test_Adachi_00287.jpg,2 436 334 569 512 2 352 217 414 295 4 110 323 586 347
test_Adachi_00288.jpg,2 370 224 558 581 7 292 175 450 218
test_Adachi_00289.jpg,8 2 301 264 564 2 308 354 350 597
test_Adachi_00290.jpg,2 341 324 471 601 8 370 348 451 443
test_Adachi_00291.jpg,2 385 359 592 582 2 289 296 322 493 8 440 389 546 415
test_Adachi_00292.jpg,2 268 202 338 594 4 143 257 268 284
test_Adachi_00293.jpg,4 13 319 481 389 2 305 202 347 359
test_Adachi_00294.jpg,2 362 264 522 584 7 231 187 485 249
test_Adachi_00295.jpg,2 365 308 573 576
test_Adachi_00296.jpg,2 372 325 580 533
test_Adachi_00297.jpg,2 4 148 159 411
test_Adachi_00298.jpg,2 356 342 481 591 2 245 111 270 203
test_Adachi_00299.jpg,2 18 380 188 582 4 157 415 592 433 4 168 369 609 399
test_Adachi_00300.jpg,1 247 512 332 600 4 117 377 582 413 4 1 417 251 452
test_Adachi_00301.jpg,2 367 217 538 596
test_Adachi_00302.jpg,2 316 249 353 605
test_Adachi_00303.jpg,1 431 323 595 518 2 6 264 216 596 8 298 310 541 393
test_Adachi_00304.jpg,2 298 307 323 369
test_Adachi_00305.jpg,8 49 144 145 580
test_Adachi_00306.jpg,2 257 290 432 573
test_Adachi_00307.jpg,5 397 382 584 590 5 76 406 269 531
test_Adachi_00308.jpg,2 452 414 534 579
test_Adachi_00309.jpg,3 17 304 570 377
test_Adachi_00310.jpg,2 318 100 440 605
test_Adachi_00311.jpg,2 391 341 453 525 4 446 521 591 536 4 384 346 593 371
test_Adachi_00312.jpg,1 16 132 201 377 1 279 119 338 192
test_Adachi_00313.jpg,2 307 310 352 591
test_Adachi_00314.jpg,2 382 368 562 585 5 196 434 438 596 4 211 346 398 377
test_Adachi_00315.jpg,7 163 179 592 267 8 31 393 591 455
test_Adachi_00316.jpg,1 174 374 245 584
test_Adachi_00317.jpg,2 3 345 151 493 8 424 369 587 512
test_Adachi_00318.jpg,8 -5 506 597 589 7 127 139 596 257
test_Adachi_00319.jpg,2 493 338 598 479 2 446 279 491 352 4 203 289 594 310 2 357 192 463 289 4 208 335 592 361
test_Adachi_00320.jpg,2 306 88 458 546 1 124 264 227 500
test_Adachi_00321.jpg,2 304 349 448 590
test_Adachi_00322.jpg,1 397 221 451 337 8 277 315 543 428 2 477 382 590 593
test_Adachi_00323.jpg,1 345 378 411 491
test_Adachi_00324.jpg,2 406 383 578 529 2 177 387 274 596
test_Adachi_00325.jpg,2 3 297 230 474
test_Adachi_00326.jpg,2 348 136 583 427 8 0 262 172 483
test_Adachi_00327.jpg,8 428 366 602 521 8 29 386 265 575 4 273 360 457 388
test_Adachi_00328.jpg,1 380 233 563 536 4 209 241 420 262
test_Adachi_00329.jpg,2 386 367 580 581
test_Adachi_00330.jpg,7 91 340 609 576 5 412 219 599 340 5 197 224 342 339
test_Chiba_00001.jpg,7 261 473 588 537
test_Chiba_00002.jpg,7 24 509 563 602
test_Chiba_00003.jpg,8 150 464 323 581 2 394 447 522 551
test_Chiba_00004.jpg,7 51 515 584 599
test_Chiba_00005.jpg,8 417 463 595 561 1 312 493 346 544 1 383 536 413 579
test_Chiba_00006.jpg,8 431 460 596 582 8 119 481 292 598 1 311 437 388 511
test_Chiba_00007.jpg,8 358 423 505 574 1 150 441 264 539
test_Chiba_00008.jpg,2 440 438 558 583 1 277 484 363 567
test_Chiba_00009.jpg,8 149 468 384 591 2 20 480 79 580
test_Chiba_00010.jpg,8 295 431 469 597 8 13 455 197 594 1 117 479 216 585
test_Chiba_00011.jpg,2 377 448 596 577
test_Chiba_00012.jpg,1 117 507 174 590 3 199 502 374 533
test_Chiba_00013.jpg,5 384 485 528 577 2 445 456 547 549
test_Chiba_00014.jpg,7 16 529 613 585
test_Chiba_00015.jpg,7 43 516 552 595
test_Chiba_00016.jpg,2 482 491 591 564 1 341 475 406 573
test_Chiba_00017.jpg,8 110 491 289 597 2 305 472 354 579
test_Chiba_00018.jpg,2 141 479 344 585
test_Chiba_00019.jpg,7 1 465 595 585
test_Chiba_00020.jpg,7 259 513 600 585
test_Chiba_00021.jpg,1 293 464 384 578
test_Chiba_00022.jpg,4 191 541 381 556 1 476 488 580 561 2 355 544 368 577
test_Chiba_00023.jpg,1 248 501 299 595
test_Chiba_00024.jpg,7 87 474 595 535
test_Chiba_00025.jpg,2 266 456 375 561
test_Chiba_00026.jpg,8 195 496 292 583 8 446 471 592 559 2 283 493 333 576
test_Chiba_00027.jpg,1 299 522 352 594 1 82 491 134 563 1 507 542 587 589
test_Chiba_00028.jpg,1 391 484 431 562
test_Chiba_00029.jpg,8 34 481 158 596 8 116 521 184 596
test_Chiba_00030.jpg,8 228 466 350 593 1 325 480 381 586 8 444 472 596 573
test_Chiba_00031.jpg,2 73 467 189 590
test_Chiba_00032.jpg,1 389 452 601 574 8 184 474 321 582
test_Chiba_00033.jpg,8 7 442 166 583 8 313 408 496 567 2 253 422 271 553
test_Chiba_00034.jpg,8 0 472 128 582 2 282 388 406 527
test_Chiba_00035.jpg,2 395 455 563 579 1 256 524 308 589
test_Chiba_00036.jpg,8 4 449 174 584 8 329 416 510 574
test_Chiba_00037.jpg,7 215 493 597 580
test_Chiba_00038.jpg,8 302 441 480 594
test_Chiba_00039.jpg,7 5 506 614 576
test_Chiba_00040.jpg,4 320 507 524 530
test_Chiba_00041.jpg,2 165 553 242 598
test_Chiba_00042.jpg,1 306 442 372 531 8 406 429 568 568 1 227 408 270 458
test_Chiba_00043.jpg,1 447 481 595 575
test_Chiba_00044.jpg,8 333 462 438 590
test_Chiba_00045.jpg,1 299 475 357 588 8 447 479 592 566
test_Chiba_00046.jpg,8 7 439 171 586 8 303 396 480 567
test_Chiba_00047.jpg,2 483 467 589 541 8 131 498 223 544
test_Chiba_00048.jpg,8 225 515 306 582
test_Chiba_00049.jpg,8 327 393 517 575
test_Chiba_00050.jpg,2 399 453 589 555
test_Chiba_00051.jpg,1 418 503 498 581 3 274 488 445 521 7 92 477 245 554
test_Chiba_00052.jpg,7 -2 521 604 578
test_Chiba_00053.jpg,2 259 479 423 581 1 543 487 594 564
test_Chiba_00054.jpg,8 71 427 209 601 8 283 439 478 589
test_Chiba_00055.jpg,2 395 450 595 576
test_Chiba_00056.jpg,5 442 498 594 574 7 325 457 589 488
test_Chiba_00057.jpg,8 433 460 594 566 2 195 503 280 583
test_Chiba_00058.jpg,1 318 458 382 544
test_Chiba_00059.jpg,8 488 491 593 567 1 401 488 452 591
test_Chiba_00060.jpg,8 420 457 590 568 8 203 466 334 592 2 313 459 363 573
test_Chiba_00061.jpg,1 118 556 150 600
test_Chiba_00062.jpg,8 291 455 438 593
test_Chiba_00063.jpg,2 190 510 265 587 8 432 462 598 575 1 386 504 454 585
test_Chiba_00064.jpg,8 350 402 579 582
test_Chiba_00065.jpg,1 200 471 287 590
test_Chiba_00066.jpg,7 3 544 593 594
test_Chiba_00067.jpg,7 12 396 587 514 2 26 437 112 513
test_Chiba_00068.jpg,3 253 517 410 542
test_Chiba_00069.jpg,8 -3 530 597 584
test_Chiba_00070.jpg,2 464 499 523 571 2 344 469 378 536
test_Chiba_00071.jpg,8 301 438 466 590
test_Chiba_00072.jpg,2 186 503 318 590
test_Chiba_00073.jpg,1 446 482 587 575 1 319 485 386 585
test_Chiba_00074.jpg,2 253 441 360 516 7 12 504 598 593
test_Chiba_00075.jpg,1 180 504 253 593 8 201 494 449 583
test_Chiba_00076.jpg,2 93 513 206 599 7 7 471 240 515
test_Chiba_00077.jpg,2 405 481 537 584 3 122 503 446 559 3 130 469 588 507
test_Chiba_00078.jpg,2 452 496 511 554
test_Chiba_00079.jpg,1 217 485 252 542
test_Chiba_00080.jpg,1 416 471 461 536
test_Chiba_00081.jpg,7 32 481 578 594 1 321 509 389 584
test_Chiba_00082.jpg,1 245 479 281 571
test_Chiba_00083.jpg,8 214 478 321 588 8 487 496 595 573
test_Chiba_00084.jpg,2 412 471 588 579
test_Chiba_00085.jpg,4 418 495 601 512 2 426 507 514 567
test_Chiba_00086.jpg,7 225 493 592 568
test_Chiba_00087.jpg,8 213 470 349 551 2 484 475 594 554 5 353 505 442 559
test_Chiba_00088.jpg,8 446 464 600 561 1 309 485 372 570
test_Chiba_00089.jpg,8 360 515 463 596
test_Chiba_00090.jpg,7 64 497 589 594
test_Chiba_00091.jpg,1 117 541 194 595
test_Chiba_00092.jpg,8 402 453 598 567 8 264 466 308 515
test_Chiba_00093.jpg,1 306 458 373 589 8 449 471 590 550
test_Chiba_00094.jpg,4 102 448 341 490 8 297 411 487 577 8 5 434 166 565 4 348 434 584 483
test_Ichihara_00001.jpg,2 2 407 255 587
test_Ichihara_00002.jpg,1 395 432 535 594 8 32 388 279 608
test_Ichihara_00003.jpg,2 355 394 599 552 1 336 413 460 582
test_Ichihara_00004.jpg,1 290 452 377 591
test_Ichihara_00005.jpg,6 71 384 559 599
test_Ichihara_00006.jpg,5 152 389 409 598
test_Ichihara_00007.jpg,8 46 417 263 588 8 393 390 602 577
test_Ichihara_00008.jpg,8 480 452 598 553 1 206 437 313 584
test_Ichihara_00009.jpg,6 390 373 593 495 1 43 457 215 588 1 233 418 352 587
test_Ichihara_00010.jpg,8 294 439 321 596 8 303 369 311 412
test_Ichihara_00011.jpg,3 244 535 426 584 3 344 448 405 492
test_Ichihara_00012.jpg,5 176 411 594 594
test_Ichihara_00013.jpg,8 481 416 597 498
test_Ichihara_00014.jpg,2 346 399 595 555 1 184 514 237 585
test_Ichihara_00015.jpg,6 25 380 585 602 8 0 394 238 516
test_Ichihara_00016.jpg,1 186 518 261 594 1 502 495 592 586
test_Ichihara_00017.jpg,7 4 430 594 529
test_Ichihara_00018.jpg,1 223 509 301 601 8 424 398 602 541
test_Ichihara_00019.jpg,1 251 496 326 577
test_Ichihara_00020.jpg,7 13 430 589 594
test_Ichihara_00021.jpg,1 152 409 302 590 8 405 400 601 563
test_Ichihara_00022.jpg,5 355 389 604 594
test_Ichihara_00023.jpg,8 385 383 598 596
test_Ichihara_00024.jpg,2 439 372 560 451 1 141 465 277 598 1 277 362 338 436
test_Ichihara_00025.jpg,8 216 464 451 599 8 388 384 593 581
test_Ichihara_00026.jpg,8 442 480 544 593 2 409 419 445 474
test_Ichihara_00027.jpg,1 146 413 299 591 8 6 375 250 594
test_Ichihara_00028.jpg,7 9 459 597 595
test_Ichihara_00029.jpg,1 393 408 551 600
test_Ichihara_00030.jpg,5 94 387 324 583 5 412 391 593 565
test_Ichihara_00031.jpg,2 464 429 599 535 1 454 386 511 433
test_Ichihara_00032.jpg,7 13 468 577 591
test_Ichihara_00033.jpg,8 2 482 147 594 8 458 425 591 559 8 318 399 392 439 1 224 461 292 578 8 198 427 252 467
test_Ichihara_00034.jpg,1 316 488 433 597 5 106 387 370 594
test_Ichihara_00035.jpg,1 389 452 474 585
test_Ichihara_00036.jpg,7 17 431 584 590
test_Ichihara_00037.jpg,8 -6 439 207 591 1 353 397 530 594
test_Ichihara_00038.jpg,1 423 434 496 594
test_Ichihara_00039.jpg,1 387 428 574 594
test_Ichihara_00040.jpg,8 481 449 596 540 1 200 445 300 589
test_Ichihara_00041.jpg,8 389 374 597 585 8 10 429 238 594 1 178 425 287 594
test_Ichihara_00042.jpg,8 4 480 157 606
test_Ichihara_00043.jpg,5 213 395 589 590
test_Ichihara_00044.jpg,2 453 394 516 439 1 220 449 262 498
test_Ichihara_00045.jpg,7 4 450 600 596
test_Ichihara_00046.jpg,2 137 433 278 594 1 482 551 557 591
test_Ichihara_00047.jpg,2 470 421 596 512
test_Ichihara_00048.jpg,2 444 460 565 602
test_Ichihara_00049.jpg,8 480 472 596 574 2 133 421 207 473 8 0 471 119 565 2 403 412 481 478
test_Ichihara_00050.jpg,7 40 418 588 559
test_Ichihara_00051.jpg,5 99 385 593 596
test_Muroran_00001.jpg,8 66 399 222 597
test_Muroran_00002.jpg,5 298 445 591 579 5 18 410 330 593
test_Muroran_00003.jpg,5 150 350 491 601
test_Muroran_00004.jpg,5 8 388 272 594 2 272 372 343 597
test_Muroran_00005.jpg,5 247 440 591 593 2 94 349 232 584 8 331 384 384 438
test_Muroran_00006.jpg,8 45 317 293 596 8 377 329 575 528
test_Muroran_00007.jpg,5 43 349 544 601
test_Muroran_00008.jpg,5 31 335 492 600
test_Muroran_00009.jpg,5 104 369 586 604 6 404 470 433 488
test_Muroran_00010.jpg,2 308 370 346 590 2 157 371 271 583
test_Muroran_00011.jpg,1 352 370 421 454
test_Muroran_00012.jpg,5 379 400 598 587
test_Muroran_00013.jpg,8 71 431 473 477
test_Muroran_00014.jpg,2 307 366 424 588 5 385 394 591 542 5 291 346 591 607
test_Muroran_00015.jpg,5 195 400 477 598
test_Muroran_00016.jpg,1 484 394 564 599
test_Muroran_00017.jpg,5 117 338 590 598
test_Muroran_00018.jpg,5 244 394 378 603 6 299 496 339 535 6 309 433 352 460
test_Muroran_00019.jpg,5 21 337 590 595
test_Muroran_00020.jpg,4 145 458 587 540 1 373 411 446 495 2 263 344 328 589
test_Muroran_00021.jpg,5 273 472 484 597
test_Muroran_00022.jpg,6 104 395 585 462 5 83 438 331 569 8 336 377 379 536
test_Muroran_00023.jpg,5 40 335 589 598
test_Muroran_00024.jpg,1 465 501 595 597
test_Muroran_00025.jpg,2 9 338 227 596 2 270 382 391 601 8 321 469 377 597
test_Muroran_00026.jpg,2 136 295 268 602
test_Muroran_00027.jpg,1 205 481 318 600 6 401 521 444 554
test_Muroran_00028.jpg,5 51 324 577 580
test_Muroran_00029.jpg,2 339 369 434 544
test_Muroran_00030.jpg,5 68 331 305 579
test_Muroran_00031.jpg,5 84 362 607 594
test_Muroran_00032.jpg,5 131 306 596 605
test_Muroran_00033.jpg,2 377 331 429 600 8 419 451 489 593
test_Muroran_00034.jpg,1 9 364 396 589 2 407 360 600 570
test_Muroran_00035.jpg,8 383 430 525 591 8 449 390 598 507 1 88 406 226 580
test_Muroran_00036.jpg,8 196 341 259 406 2 32 397 213 600
test_Muroran_00037.jpg,5 241 344 582 603
test_Muroran_00038.jpg,5 19 344 489 611 8 385 468 489 597
test_Muroran_00039.jpg,5 305 382 612 601
test_Muroran_00040.jpg,5 12 374 276 592
test_Muroran_00041.jpg,5 228 362 609 597
test_Muroran_00042.jpg,2 391 352 584 586
test_Muroran_00043.jpg,5 4 344 523 587
test_Muroran_00044.jpg,5 9 367 599 607
test_Muroran_00045.jpg,5 10 393 522 601
test_Muroran_00046.jpg,5 117 369 513 598
test_Muroran_00047.jpg,8 6 378 171 553 3 336 390 596 430 2 169 397 269 602
test_Muroran_00048.jpg,5 23 443 563 590 6 167 393 223 416
test_Muroran_00049.jpg,5 38 356 183 589 2 38 356 183 589
test_Muroran_00050.jpg,8 247 397 610 590 6 464 444 561 498
test_Muroran_00051.jpg,5 0 344 154 477 1 14 437 165 592
test_Muroran_00052.jpg,1 36 389 367 603 3 362 407 604 451 6 442 473 502 513
test_Muroran_00053.jpg,5 151 434 514 596
test_Muroran_00054.jpg,5 273 286 459 418 5 259 488 448 603
test_Muroran_00055.jpg,5 457 395 597 492
test_Muroran_00056.jpg,5 86 356 459 587
test_Muroran_00057.jpg,5 239 364 598 597
test_Muroran_00058.jpg,8 1 493 106 594 2 263 506 486 594 1 76 551 139 598 2 161 508 233 568
test_Muroran_00059.jpg,4 19 369 592 402 7 7 480 599 595 2 315 385 367 486
test_Muroran_00060.jpg,1 349 321 521 505
test_Muroran_00061.jpg,1 416 338 591 508 2 297 337 355 601
test_Muroran_00062.jpg,5 344 336 607 598
test_Muroran_00063.jpg,1 402 391 584 541 1 305 378 389 501
test_Muroran_00064.jpg,5 25 376 580 581
test_Muroran_00065.jpg,5 274 320 608 593
test_Muroran_00066.jpg,5 9 362 504 588 6 319 446 428 507
test_Muroran_00067.jpg,8 123 344 326 591 1 409 458 532 593
test_Muroran_00068.jpg,5 308 314 605 590 5 55 325 266 591 8 415 374 539 502
test_Muroran_00069.jpg,5 243 428 327 506 5 379 502 513 594 8 138 414 205 592
test_Muroran_00070.jpg,2 145 321 269 587 8 317 368 376 450 1 402 527 433 571
test_Muroran_00071.jpg,5 351 394 452 564
test_Muroran_00072.jpg,1 278 340 442 591 5 35 313 502 581
test_Muroran_00073.jpg,1 429 486 533 592 6 174 385 215 415
test_Muroran_00074.jpg,2 298 375 450 527 1 417 436 458 491
test_Muroran_00075.jpg,8 92 379 231 599
test_Muroran_00076.jpg,1 262 416 379 604 8 318 506 348 587
test_Muroran_00077.jpg,5 222 351 388 459 2 193 390 244 601
test_Muroran_00078.jpg,1 461 421 507 478
test_Muroran_00079.jpg,2 351 362 508 587
test_Muroran_00080.jpg,4 281 452 438 483 2 211 365 335 593 2 383 364 463 590
test_Muroran_00081.jpg,2 398 405 565 593
test_Muroran_00082.jpg,5 14 332 579 604
test_Muroran_00083.jpg,5 247 328 600 570
test_Muroran_00084.jpg,2 227 378 333 594
test_Muroran_00085.jpg,5 23 377 558 594
test_Muroran_00086.jpg,8 380 347 430 413
test_Muroran_00087.jpg,5 228 374 594 603
test_Muroran_00088.jpg,1 329 316 428 595
test_Muroran_00089.jpg,1 1 407 110 521 5 280 468 440 596
test_Muroran_00090.jpg,5 169 404 583 599
test_Muroran_00091.jpg,1 19 417 157 590 8 307 358 412 478
test_Muroran_00092.jpg,6 103 341 249 398 5 127 391 275 601
test_Muroran_00093.jpg,5 204 408 557 587 2 193 330 258 599
test_Muroran_00094.jpg,2 354 485 489 580 2 311 499 346 592
test_Muroran_00095.jpg,5 204 359 578 596
test_Muroran_00096.jpg,8 402 319 601 452 5 283 458 374 590
test_Muroran_00097.jpg,5 108 451 548 540 8 353 379 541 581
test_Muroran_00098.jpg,2 404 414 596 597 8 7 374 197 597
test_Muroran_00099.jpg,5 11 379 427 593
test_Muroran_00100.jpg,5 254 487 508 567
test_Muroran_00101.jpg,5 19 328 452 602
test_Muroran_00102.jpg,8 5 358 241 581 1 465 419 603 545 8 425 469 521 587
test_Muroran_00103.jpg,1 445 438 532 592 2 200 398 432 479
test_Muroran_00104.jpg,8 3 337 263 594 8 470 457 596 598 2 203 322 318 592 1 307 381 355 473
test_Muroran_00105.jpg,1 359 486 481 596 1 218 514 275 600
test_Muroran_00106.jpg,5 273 403 420 500
test_Muroran_00107.jpg,5 103 361 573 600
test_Muroran_00108.jpg,2 435 416 596 583 5 149 374 442 593
test_Muroran_00109.jpg,5 5 364 599 604
test_Muroran_00110.jpg,1 299 395 538 594
test_Muroran_00111.jpg,5 259 414 486 596 8 331 446 440 591
test_Muroran_00112.jpg,5 12 370 577 588
test_Muroran_00113.jpg,5 109 338 600 600
test_Muroran_00114.jpg,8 6 319 190 474 5 145 365 331 518 2 381 457 513 589
test_Muroran_00115.jpg,2 295 336 360 598
test_Muroran_00116.jpg,6 111 394 584 611
test_Muroran_00117.jpg,2 5 402 195 538 3 347 513 492 552 2 210 435 283 591
test_Muroran_00118.jpg,5 417 435 600 593
test_Muroran_00119.jpg,5 28 395 475 593
test_Muroran_00120.jpg,6 62 457 587 582
test_Muroran_00121.jpg,5 70 377 510 597
test_Muroran_00122.jpg,8 352 395 393 471
test_Muroran_00123.jpg,1 8 397 244 586
test_Muroran_00124.jpg,4 67 479 243 526 8 376 439 457 593 2 229 386 300 530
test_Muroran_00125.jpg,6 72 345 531 596
test_Muroran_00126.jpg,1 16 482 191 594 2 358 396 435 592
test_Muroran_00127.jpg,8 406 319 600 453 5 281 454 375 590
test_Muroran_00128.jpg,2 427 384 581 529
test_Muroran_00129.jpg,2 339 348 578 587 2 122 318 298 597
test_Muroran_00130.jpg,5 29 364 422 589
test_Muroran_00131.jpg,1 371 365 494 587 8 67 384 279 591
test_Muroran_00132.jpg,5 -10 376 618 592 6 198 421 309 492
test_Muroran_00133.jpg,6 254 340 379 597
test_Muroran_00134.jpg,1 177 429 270 598
test_Muroran_00135.jpg,5 153 375 601 597
test_Muroran_00136.jpg,5 154 356 384 597 4 298 427 602 469 4 293 503 609 537
test_Muroran_00137.jpg,1 284 430 377 590 1 377 408 471 546
test_Muroran_00138.jpg,5 127 345 559 595
test_Muroran_00139.jpg,8 -2 430 487 497
test_Muroran_00140.jpg,5 165 339 592 596
test_Muroran_00141.jpg,5 122 466 515 594
test_Muroran_00142.jpg,6 3 481 492 602 8 -11 401 602 590
test_Muroran_00143.jpg,2 150 405 255 600 8 374 403 472 594 3 20 459 212 547
test_Muroran_00144.jpg,5 139 452 389 595
test_Muroran_00145.jpg,6 4 391 144 585 6 295 415 340 449 6 370 357 425 395
test_Muroran_00146.jpg,5 237 460 570 603
test_Muroran_00147.jpg,5 294 394 461 597 1 127 407 200 529
test_Muroran_00148.jpg,8 497 467 597 586 8 110 454 225 597 2 319 387 357 499
test_Muroran_00149.jpg,5 54 381 543 601
test_Muroran_00150.jpg,5 209 464 589 597
test_Muroran_00151.jpg,1 328 443 424 600 1 444 465 598 599 2 197 450 250 602
test_Muroran_00152.jpg,5 43 357 572 602
test_Muroran_00153.jpg,1 106 370 375 593 8 9 365 217 562 1 523 369 594 445 2 445 461 517 578 8 366 337 403 386
test_Muroran_00154.jpg,5 177 381 438 591
test_Muroran_00155.jpg,6 27 387 597 597
test_Muroran_00156.jpg,8 42 389 175 596 8 370 391 544 521 1 343 479 474 586 8 523 512 598 604 1 285 359 372 447 1 263 416 313 481
test_Muroran_00157.jpg,2 194 304 279 598
test_Muroran_00158.jpg,5 149 379 577 599
test_Muroran_00159.jpg,8 378 390 473 493 2 92 365 231 592
test_Muroran_00160.jpg,2 23 386 256 607 2 348 295 418 583
test_Muroran_00161.jpg,5 370 368 588 567
test_Muroran_00162.jpg,6 72 386 592 603
test_Muroran_00163.jpg,5 98 371 603 592
test_Muroran_00164.jpg,5 6 346 243 583 1 263 457 348 574
test_Muroran_00165.jpg,5 352 310 586 605
test_Muroran_00166.jpg,5 116 395 407 593
test_Muroran_00167.jpg,5 20 334 397 582
test_Muroran_00168.jpg,5 231 349 591 601
test_Muroran_00169.jpg,5 -1 386 226 593 1 447 487 536 592
test_Muroran_00170.jpg,8 -4 340 237 575 8 369 354 431 434
test_Muroran_00171.jpg,5 52 353 614 596
test_Muroran_00172.jpg,5 9 414 433 589
test_Muroran_00173.jpg,2 241 450 268 598 1 204 413 226 477 1 242 366 302 448
test_Muroran_00174.jpg,1 203 397 279 493 2 176 353 326 588
test_Muroran_00175.jpg,5 149 342 376 591
test_Muroran_00176.jpg,5 246 454 520 589 8 347 413 494 597
test_Muroran_00177.jpg,5 124 364 584 594
test_Muroran_00178.jpg,1 91 425 273 600
test_Muroran_00179.jpg,2 368 432 482 595
test_Muroran_00180.jpg,2 158 340 258 577
test_Muroran_00181.jpg,1 426 468 515 524 2 346 389 470 529
test_Muroran_00182.jpg,1 132 376 260 592
test_Muroran_00183.jpg,5 51 317 566 593
test_Muroran_00184.jpg,3 224 351 539 415
test_Muroran_00185.jpg,5 83 333 601 596
test_Muroran_00186.jpg,1 76 317 324 595 8 363 381 474 503 8 -3 323 227 550
test_Muroran_00187.jpg,5 29 351 377 597
test_Muroran_00188.jpg,6 119 326 588 602
test_Muroran_00189.jpg,5 9 392 245 586 8 448 534 522 597 6 175 374 223 417
test_Muroran_00190.jpg,8 323 339 579 597 1 101 333 243 582
test_Muroran_00191.jpg,5 23 445 513 591
test_Muroran_00192.jpg,8 0 390 154 563 8 385 398 598 575 1 155 377 331 510
test_Muroran_00193.jpg,4 177 425 547 507
test_Muroran_00194.jpg,1 175 442 270 597
test_Muroran_00195.jpg,1 303 383 405 592 3 11 401 189 599 2 231 379 273 595
test_Muroran_00196.jpg,5 116 343 516 600
test_Muroran_00197.jpg,8 40 410 228 596 2 417 331 592 533
test_Muroran_00198.jpg,5 104 378 358 505
test_Muroran_00199.jpg,8 402 395 559 583 8 336 311 369 348
test_Muroran_00200.jpg,5 245 388 565 584 6 294 343 379 375 8 230 404 270 582
test_Muroran_00201.jpg,1 59 304 235 596 1 297 351 483 584 8 478 517 578 594 2 363 356 508 516
test_Muroran_00202.jpg,5 240 399 494 500 4 9 525 592 567
test_Muroran_00203.jpg,5 206 347 394 475 6 432 392 501 445
test_Muroran_00204.jpg,5 69 352 376 601
test_Muroran_00205.jpg,5 212 391 599 597
test_Muroran_00206.jpg,8 86 525 168 598 5 59 380 352 594 4 346 462 599 601
test_Muroran_00207.jpg,5 12 338 347 600
test_Muroran_00208.jpg,3 120 389 282 454
test_Muroran_00209.jpg,5 105 369 596 600
test_Muroran_00210.jpg,5 124 392 470 594
test_Muroran_00211.jpg,5 477 456 596 597
test_Muroran_00212.jpg,5 104 330 408 598
test_Muroran_00213.jpg,5 28 372 535 597
test_Muroran_00214.jpg,8 14 343 320 595 1 264 377 397 590
test_Muroran_00215.jpg,5 242 373 597 594
test_Muroran_00216.jpg,5 37 368 536 594
test_Muroran_00217.jpg,5 123 381 272 600 6 188 478 232 519
test_Muroran_00218.jpg,2 197 262 258 602
test_Muroran_00219.jpg,2 352 347 581 540 2 276 366 354 591
test_Muroran_00220.jpg,6 358 464 514 557 5 218 352 593 590
test_Muroran_00221.jpg,5 114 336 585 596 6 412 468 491 528
test_Muroran_00222.jpg,7 171 356 591 442 8 117 492 612 531
test_Muroran_00223.jpg,5 403 274 595 488 5 284 384 496 547
test_Muroran_00224.jpg,5 2 344 265 595 5 380 414 591 593 8 325 404 403 586
test_Muroran_00225.jpg,8 3 425 202 592 1 204 415 332 578 3 306 441 572 487 8 512 382 559 440 6 504 411 556 433 6 456 454 473 476
test_Muroran_00226.jpg,7 179 495 450 545 8 103 568 525 601 1 325 485 364 559
test_Muroran_00227.jpg,2 352 308 582 587
test_Muroran_00228.jpg,5 252 449 499 590
test_Muroran_00229.jpg,5 280 383 522 597
test_Muroran_00230.jpg,1 338 468 385 540
test_Muroran_00231.jpg,5 81 328 542 602
test_Muroran_00232.jpg,5 150 333 601 610
test_Muroran_00233.jpg,2 168 330 227 599
test_Muroran_00234.jpg,5 161 350 472 602
test_Muroran_00235.jpg,6 151 366 197 397 2 301 412 367 586 2 336 379 446 513
test_Muroran_00236.jpg,5 95 367 375 600
test_Muroran_00237.jpg,1 371 481 543 573 1 188 391 294 580 1 449 388 586 472
test_Muroran_00238.jpg,4 18 411 278 489 5 93 307 341 601
test_Muroran_00239.jpg,5 20 423 590 598
test_Muroran_00240.jpg,8 421 365 599 547 8 79 362 259 605
test_Muroran_00241.jpg,7 -6 414 362 593 2 126 297 256 577
test_Muroran_00242.jpg,5 159 405 596 588
test_Muroran_00243.jpg,3 90 343 440 567 8 -8 290 221 598 2 422 417 526 525
test_Muroran_00244.jpg,8 494 455 596 545 8 80 378 238 604 8 272 362 360 428 6 255 456 325 495 1 300 534 334 589
test_Muroran_00245.jpg,3 93 517 289 552 2 250 363 307 591
test_Muroran_00246.jpg,1 296 367 426 600
test_Muroran_00247.jpg,8 84 371 204 593 8 309 356 403 408
test_Muroran_00248.jpg,5 269 368 600 599
test_Muroran_00249.jpg,5 8 352 221 503
test_Muroran_00250.jpg,2 389 383 520 569 1 152 433 267 591 8 280 484 326 597
test_Muroran_00251.jpg,8 6 342 234 570 8 362 351 428 419
test_Muroran_00252.jpg,2 289 299 379 603
test_Muroran_00253.jpg,5 166 385 588 594
test_Muroran_00254.jpg,8 337 398 450 533 1 371 377 534 520 1 1 505 61 579 1 113 370 191 453
test_Muroran_00255.jpg,5 -19 327 623 604
test_Muroran_00256.jpg,5 28 334 408 600
test_Muroran_00257.jpg,5 100 350 582 582
test_Muroran_00258.jpg,1 243 348 370 594 1 14 338 196 598 8 352 416 523 590
test_Muroran_00259.jpg,4 265 416 589 522
test_Muroran_00260.jpg,6 56 384 461 598
test_Muroran_00261.jpg,1 41 509 203 601 2 172 346 219 530
test_Muroran_00262.jpg,5 127 285 597 595
test_Muroran_00263.jpg,1 291 401 465 585 5 10 417 66 576
test_Muroran_00264.jpg,1 292 439 389 562 2 114 368 234 594
test_Muroran_00265.jpg,5 204 340 411 591 8 438 364 541 451
test_Muroran_00266.jpg,5 102 348 490 608 8 290 429 345 598
test_Muroran_00267.jpg,5 108 344 581 593
test_Muroran_00268.jpg,1 320 318 495 484
test_Muroran_00269.jpg,5 71 369 564 596
test_Muroran_00270.jpg,3 16 490 605 586 8 301 300 470 550 1 193 335 345 450
test_Muroran_00271.jpg,2 307 363 422 593 5 297 343 594 598 5 381 389 592 548
test_Muroran_00272.jpg,1 176 377 261 469 8 369 380 524 569
test_Muroran_00273.jpg,2 7 315 196 592
test_Muroran_00274.jpg,8 307 360 397 420
test_Muroran_00275.jpg,8 28 312 187 593 8 450 483 579 591 1 418 415 558 524
test_Muroran_00276.jpg,5 202 402 451 579 8 494 497 592 581
test_Muroran_00277.jpg,5 133 336 570 596
test_Muroran_00278.jpg,2 392 341 601 604 8 217 453 304 598
test_Muroran_00279.jpg,2 52 363 205 577 5 329 458 444 537 2 311 468 345 583 4 301 421 587 443 4 295 466 591 489
test_Muroran_00280.jpg,5 290 442 494 581 8 414 502 520 596 8 314 356 359 409
test_Muroran_00281.jpg,5 267 331 597 581 8 223 302 279 587 8 425 360 538 438
test_Muroran_00282.jpg,1 297 331 364 583 5 321 449 589 535
test_Muroran_00283.jpg,5 286 404 552 601 6 5 352 540 594
test_Muroran_00284.jpg,5 29 344 575 593
test_Muroran_00285.jpg,2 342 352 526 593 5 142 357 314 594
test_Muroran_00286.jpg,5 85 397 495 592
test_Muroran_00287.jpg,1 199 433 337 601
test_Muroran_00288.jpg,5 175 357 368 596
test_Muroran_00289.jpg,5 306 345 600 596 8 427 460 522 596 2 139 338 336 589
test_Muroran_00290.jpg,3 164 424 271 459 8 33 354 212 587 2 476 449 600 570
test_Muroran_00291.jpg,1 243 341 284 593
test_Muroran_00292.jpg,5 54 367 567 590
test_Muroran_00293.jpg,4 24 420 351 542 2 256 341 365 600
test_Muroran_00294.jpg,5 135 452 343 586
test_Muroran_00295.jpg,5 236 466 398 578
test_Muroran_00296.jpg,2 183 324 310 538
test_Muroran_00297.jpg,2 346 338 597 549 5 135 372 299 542
test_Muroran_00298.jpg,2 391 404 578 594
test_Muroran_00299.jpg,5 292 360 564 583
test_Muroran_00300.jpg,3 261 530 512 582
test_Muroran_00301.jpg,3 437 393 600 427
test_Muroran_00302.jpg,8 111 528 207 593 1 354 535 410 593 1 241 526 329 600 8 391 514 448 558
test_Muroran_00303.jpg,5 16 298 239 542
test_Muroran_00304.jpg,5 263 346 534 525
test_Muroran_00305.jpg,1 51 405 237 592 8 456 461 566 602 5 400 416 584 590
test_Muroran_00306.jpg,2 284 339 334 596
test_Muroran_00307.jpg,5 116 388 575 596
test_Muroran_00308.jpg,1 139 331 200 461
test_Muroran_00309.jpg,5 304 428 594 596
test_Muroran_00310.jpg,8 399 358 481 435
test_Muroran_00311.jpg,4 133 352 299 422
test_Muroran_00312.jpg,2 354 432 605 592 8 206 342 369 427
test_Muroran_00313.jpg,2 350 322 404 587
test_Muroran_00314.jpg,5 14 379 607 603 8 337 392 428 504
test_Muroran_00315.jpg,5 112 348 603 597
test_Muroran_00316.jpg,5 97 356 278 601
test_Muroran_00317.jpg,1 134 341 260 599
test_Muroran_00318.jpg,5 -9 420 260 606 2 306 356 362 600
test_Muroran_00319.jpg,2 215 271 418 603 4 299 444 577 533
test_Muroran_00320.jpg,5 264 364 595 591
test_Muroran_00321.jpg,5 116 363 578 586
test_Muroran_00322.jpg,2 196 342 322 584 2 413 332 590 562
test_Muroran_00323.jpg,5 40 386 587 600
test_Muroran_00324.jpg,2 382 522 479 593 5 364 508 585 590 2 301 488 353 595
test_Muroran_00325.jpg,1 36 366 195 564 1 233 390 286 590 3 273 372 527 397 8 330 339 388 408
test_Muroran_00326.jpg,5 117 367 244 576
test_Muroran_00327.jpg,8 464 498 558 592 2 279 308 331 597
test_Muroran_00328.jpg,2 404 350 608 488 1 174 430 283 598 1 302 395 394 586
test_Muroran_00329.jpg,7 30 357 562 446 8 3 446 120 579
test_Muroran_00330.jpg,2 32 436 160 598
test_Muroran_00331.jpg,7 121 361 601 517
test_Muroran_00332.jpg,5 348 340 613 597
test_Muroran_00333.jpg,3 22 542 591 577
test_Muroran_00334.jpg,1 307 449 418 589 1 301 370 382 439
test_Muroran_00335.jpg,5 169 321 373 434 5 344 426 597 598
test_Muroran_00336.jpg,8 491 432 601 579
test_Muroran_00337.jpg,1 340 449 473 593
test_Muroran_00338.jpg,8 164 502 230 589 5 127 364 389 605
test_Muroran_00339.jpg,5 179 376 581 606
test_Muroran_00340.jpg,3 60 384 581 532 8 54 380 180 600
test_Muroran_00341.jpg,8 1 324 243 499 8 370 465 440 601 8 340 341 366 382
test_Muroran_00342.jpg,5 3 368 389 596
test_Muroran_00343.jpg,6 4 355 604 597
test_Muroran_00344.jpg,5 67 401 535 595
test_Muroran_00345.jpg,5 -7 314 399 588 1 172 402 364 588
test_Muroran_00346.jpg,8 -5 292 210 554 8 401 415 544 595
test_Muroran_00347.jpg,5 265 375 602 591
test_Muroran_00348.jpg,5 205 336 608 591
test_Muroran_00349.jpg,8 311 380 413 488 2 140 308 216 582
test_Muroran_00350.jpg,5 1 317 291 591
test_Muroran_00351.jpg,6 313 411 579 504
test_Muroran_00352.jpg,5 32 363 595 598
test_Muroran_00353.jpg,6 295 397 394 420 6 269 425 342 479
test_Muroran_00354.jpg,8 312 342 350 390
test_Muroran_00355.jpg,1 351 302 575 601 2 188 351 300 592 1 88 395 270 592
test_Muroran_00356.jpg,1 450 420 554 489 6 133 355 364 588 2 358 344 439 592 1 501 351 598 472
test_Muroran_00357.jpg,5 81 438 328 596
test_Muroran_00358.jpg,3 249 489 499 544 1 472 426 534 508
test_Muroran_00359.jpg,5 110 333 614 593
test_Muroran_00360.jpg,5 162 389 598 585
test_Muroran_00361.jpg,5 33 439 492 587
test_Muroran_00362.jpg,5 204 354 568 596 6 473 455 509 478
test_Muroran_00363.jpg,8 362 329 475 448 3 372 518 520 597 1 447 413 577 556 1 165 478 248 595
test_Muroran_00364.jpg,8 143 381 274 599 8 371 340 606 538
test_Muroran_00365.jpg,8 408 430 542 596 1 455 406 599 547 8 5 355 238 579
test_Muroran_00366.jpg,1 254 343 403 593
test_Muroran_00367.jpg,5 335 301 600 604
test_Muroran_00368.jpg,5 450 381 554 436 5 -7 392 368 593 8 514 435 597 527
test_Muroran_00369.jpg,7 4 432 598 599
test_Muroran_00370.jpg,8 428 489 499 603 1 4 374 193 601 8 358 325 391 385
test_Muroran_00371.jpg,2 135 397 202 587 2 293 377 417 581
test_Muroran_00372.jpg,5 384 370 591 588
test_Muroran_00373.jpg,8 54 331 273 601
test_Muroran_00374.jpg,2 370 398 509 557
test_Muroran_00375.jpg,3 293 477 600 533 1 205 375 275 591
test_Muroran_00376.jpg,5 125 353 392 504
test_Muroran_00377.jpg,1 438 376 602 571 5 165 351 596 601
test_Muroran_00378.jpg,5 254 402 600 553 2 181 430 233 598
test_Muroran_00379.jpg,5 135 455 338 598
test_Muroran_00380.jpg,8 388 406 574 599 1 126 476 236 597
test_Muroran_00381.jpg,8 266 326 363 395 1 0 355 107 531
test_Muroran_00382.jpg,5 281 422 466 485 2 406 473 464 596 2 282 269 341 421 1 204 360 247 460
test_Muroran_00383.jpg,5 60 370 442 602
test_Muroran_00384.jpg,2 349 299 561 505 5 439 488 566 601
test_Muroran_00385.jpg,5 161 374 604 593
test_Muroran_00386.jpg,2 177 340 290 600 8 413 421 560 598
test_Muroran_00387.jpg,2 21 347 192 592 2 230 340 382 593 1 259 478 305 594
test_Muroran_00388.jpg,5 26 344 587 595
test_Muroran_00389.jpg,1 469 414 592 553 2 369 286 603 559
test_Muroran_00390.jpg,2 366 369 493 596
test_Muroran_00391.jpg,2 325 354 433 593 2 92 399 213 606
test_Muroran_00392.jpg,5 9 376 590 596
test_Muroran_00393.jpg,5 27 427 461 593
test_Muroran_00394.jpg,5 87 382 599 602
test_Muroran_00395.jpg,8 387 376 498 447 2 351 491 426 589 2 115 495 174 585 2 175 398 209 448 6 243 402 281 446
test_Muroran_00396.jpg,5 110 349 577 594
test_Muroran_00397.jpg,7 163 280 527 354 6 172 476 398 581
test_Muroran_00398.jpg,1 378 436 568 592
test_Muroran_00399.jpg,5 83 338 314 594
test_Muroran_00400.jpg,6 23 354 260 601
test_Muroran_00401.jpg,8 321 428 397 596 4 50 463 586 528 3 84 371 345 426 1 323 511 378 589
test_Muroran_00402.jpg,5 137 512 341 597 5 107 389 602 483
test_Muroran_00403.jpg,5 228 352 492 602
test_Muroran_00404.jpg,2 264 311 310 596
test_Muroran_00405.jpg,2 337 339 595 505 2 279 325 417 590
test_Muroran_00406.jpg,7 13 370 582 532
test_Muroran_00407.jpg,5 222 360 572 589
test_Muroran_00408.jpg,8 444 386 601 551 5 208 383 517 596
test_Muroran_00409.jpg,5 170 385 597 595
test_Muroran_00410.jpg,1 401 437 527 589
test_Muroran_00411.jpg,5 12 364 331 593 6 372 399 461 484
test_Muroran_00412.jpg,5 27 374 551 592
test_Muroran_00413.jpg,7 72 290 264 407
test_Muroran_00414.jpg,5 77 362 512 589
test_Muroran_00415.jpg,5 329 409 605 593 8 210 356 465 390
test_Muroran_00416.jpg,5 127 425 529 501
test_Muroran_00417.jpg,8 187 377 343 550 2 384 336 595 595
test_Muroran_00418.jpg,5 56 373 465 588
test_Muroran_00419.jpg,5 37 344 572 591
test_Muroran_00420.jpg,8 369 386 590 598 1 315 350 386 448 2 224 324 268 450
test_Muroran_00421.jpg,1 209 385 296 593 3 267 471 443 509
test_Muroran_00422.jpg,1 56 361 175 589
test_Muroran_00423.jpg,5 184 356 530 597
test_Muroran_00424.jpg,5 180 392 588 591
test_Muroran_00425.jpg,8 285 349 333 601
test_Muroran_00426.jpg,5 149 440 608 589
test_Muroran_00427.jpg,1 488 532 567 591 2 234 481 289 593
test_Muroran_00428.jpg,5 52 338 554 598
test_Muroran_00429.jpg,2 401 431 552 594 5 80 391 245 598 2 300 461 327 517
test_Nagakute_00001.jpg,2 37 336 247 598 8 402 349 592 519 7 236 315 557 361
test_Nagakute_00002.jpg,2 259 381 400 594
test_Nagakute_00003.jpg,1 206 408 279 587
test_Nagakute_00004.jpg,1 100 434 241 601 1 421 458 574 596
test_Nagakute_00005.jpg,5 71 421 382 600
test_Nagakute_00006.jpg,5 3 396 300 593 8 504 488 598 594
test_Nagakute_00007.jpg,5 376 341 591 591 2 62 335 259 598
test_Nagakute_00008.jpg,5 116 373 559 597
test_Nagakute_00009.jpg,8 321 311 596 601 8 4 361 77 545
test_Nagakute_00010.jpg,2 270 356 329 591
test_Nagakute_00011.jpg,8 162 279 562 541
test_Nagakute_00012.jpg,2 130 368 302 593
test_Nagakute_00013.jpg,8 158 351 262 527
test_Nagakute_00014.jpg,5 58 368 531 596
test_Nagakute_00015.jpg,7 31 412 571 597
test_Nagakute_00016.jpg,5 30 384 600 598
test_Nagakute_00017.jpg,3 11 513 309 598 1 403 425 505 579
test_Nagakute_00018.jpg,1 11 360 152 478
test_Nagakute_00019.jpg,2 388 302 609 478
test_Nagakute_00020.jpg,5 -4 316 446 600 8 7 248 189 406
test_Nagakute_00021.jpg,2 101 246 233 594
test_Nagakute_00022.jpg,1 111 352 267 493 3 246 409 464 469
test_Nagakute_00023.jpg,8 54 313 257 598
test_Nagakute_00024.jpg,5 18 441 525 604
test_Nagakute_00025.jpg,8 265 326 583 603 1 93 391 177 506 8 -1 344 162 505
test_Nagakute_00026.jpg,1 152 426 258 560
test_Nagakute_00027.jpg,2 293 307 599 535 8 -2 317 183 505
test_Nagakute_00028.jpg,6 290 428 444 529 2 124 452 197 591
test_Nagakute_00029.jpg,7 -1 401 580 603
test_Nagakute_00030.jpg,2 262 339 355 598 5 313 404 559 585
test_Nagakute_00031.jpg,7 35 418 587 591
test_Nagakute_00032.jpg,2 131 358 223 587
test_Nagakute_00033.jpg,2 201 328 473 608 1 152 432 200 497
test_Nagakute_00034.jpg,2 241 325 295 590
test_Nagakute_00035.jpg,1 143 332 246 432
test_Nagakute_00036.jpg,7 17 430 590 528
test_Nagakute_00037.jpg,7 27 385 591 561
test_Nagakute_00038.jpg,1 145 452 247 553 8 15 388 191 600
test_Nagakute_00039.jpg,8 3 295 199 507 1 51 376 214 606 8 297 334 549 602
test_Nagakute_00040.jpg,2 242 397 332 593
test_Nagakute_00041.jpg,1 222 492 387 596
test_Nagakute_00042.jpg,1 201 417 395 603 8 306 320 601 531
test_Nagakute_00043.jpg,8 5 308 199 501 1 131 413 221 591 1 297 388 404 521
test_Nagakute_00044.jpg,8 272 365 400 467 1 361 469 420 568
test_Nagakute_00045.jpg,5 187 325 600 589
test_Nagakute_00046.jpg,2 237 320 321 594
test_Nagakute_00047.jpg,5 59 386 514 602
test_Nagakute_00048.jpg,8 249 370 402 588
test_Nagakute_00049.jpg,3 16 526 331 594 2 284 319 466 595 3 490 467 601 507 3 123 401 353 444 3 56 433 244 471
test_Nagakute_00050.jpg,8 256 393 379 591
test_Nagakute_00051.jpg,8 0 311 193 525 8 298 327 576 605 1 89 429 199 601
test_Nagakute_00052.jpg,2 38 362 169 598 1 326 417 514 603
test_Nagakute_00053.jpg,2 195 335 231 580
test_Nagakute_00054.jpg,2 46 327 189 520 1 121 375 210 520
test_Nagakute_00055.jpg,5 79 363 517 599
test_Nagakute_00056.jpg,2 11 240 225 569 3 126 319 445 377
test_Nagakute_00057.jpg,2 349 330 462 595
test_Nagakute_00058.jpg,1 278 439 363 581 8 6 334 156 454
test_Nagakute_00059.jpg,3 17 531 548 588 8 276 336 597 598 8 7 326 185 511
test_Nagakute_00060.jpg,8 11 468 484 555
test_Nagakute_00061.jpg,7 12 431 598 600
test_Nagakute_00062.jpg,2 188 348 439 599 6 329 461 421 537
test_Nagakute_00063.jpg,2 0 302 195 486 3 314 481 593 527 2 230 322 286 591
test_Nagakute_00064.jpg,8 269 369 552 592 3 4 526 199 593 1 289 491 392 596
test_Nagakute_00065.jpg,2 171 344 236 598
test_Nagakute_00066.jpg,2 271 345 324 600
test_Nagakute_00067.jpg,1 185 390 344 603
test_Nagakute_00068.jpg,7 49 366 585 546
test_Nagakute_00069.jpg,8 254 323 553 604
test_Nagakute_00070.jpg,2 209 357 245 593
test_Nagakute_00071.jpg,5 219 384 590 581
test_Nagakute_00072.jpg,4 22 410 343 457 1 217 438 267 596
test_Nagakute_00073.jpg,2 333 291 601 557 8 106 357 266 607
test_Nagakute_00074.jpg,8 447 368 602 481 5 127 334 294 600
test_Nagakute_00075.jpg,2 348 319 605 551 8 264 328 312 602 5 168 367 275 570
test_Nagakute_00076.jpg,2 260 326 394 589 5 120 388 543 594
test_Nagakute_00077.jpg,8 66 348 255 600 2 335 321 454 593
test_Nagakute_00078.jpg,8 294 239 595 541 1 290 338 434 441 8 7 255 214 506
test_Nagakute_00079.jpg,1 258 392 377 502 1 38 371 199 600
test_Nagakute_00080.jpg,2 -2 336 197 508 3 301 478 542 517 2 230 367 269 599
test_Nagakute_00081.jpg,1 107 406 183 508
test_Nagakute_00082.jpg,2 132 329 293 600 1 410 357 588 498
test_Nagakute_00083.jpg,5 60 334 538 599
test_Nagakute_00084.jpg,8 127 304 264 590 3 222 364 401 398
test_Nagakute_00085.jpg,8 319 410 590 577 5 149 363 635 593
test_Nagakute_00086.jpg,7 36 428 380 597 1 189 351 261 591
test_Nagakute_00087.jpg,8 4 384 190 560 1 144 434 232 597
test_Nagakute_00088.jpg,1 5 329 290 571 8 317 345 533 595
test_Nagakute_00089.jpg,2 239 319 307 609 8 468 481 597 597 8 197 345 297 478
test_Nagakute_00090.jpg,7 163 375 597 595
test_Nagakute_00091.jpg,5 80 297 204 461
test_Nagakute_00092.jpg,5 86 338 590 609 8 288 484 612 520
test_Nagakute_00093.jpg,8 40 328 212 601 8 282 345 589 596
test_Nagakute_00094.jpg,7 -8 458 603 592
test_Nagakute_00095.jpg,5 31 384 252 588
test_Nagakute_00096.jpg,2 6 280 137 389 8 1 374 72 466 3 1 483 353 572 1 327 375 465 539
test_Nagakute_00097.jpg,1 189 401 290 502
test_Nagakute_00098.jpg,8 278 307 599 580 5 349 429 595 599
test_Nagakute_00099.jpg,5 123 363 591 608
test_Nagakute_00100.jpg,1 167 348 219 414
test_Nagakute_00101.jpg,5 310 324 601 553 8 213 256 268 588
test_Nagakute_00102.jpg,8 9 334 293 601 2 368 271 427 597
test_Nagakute_00103.jpg,8 242 357 383 601 5 147 455 361 596
test_Nagakute_00104.jpg,8 302 319 610 558
test_Nagakute_00105.jpg,8 381 520 587 594
test_Nagakute_00106.jpg,7 79 364 410 445
test_Nagakute_00107.jpg,2 144 309 241 586 8 233 243 574 620
test_Nagakute_00108.jpg,1 177 413 291 590
test_Nagakute_00109.jpg,2 248 317 444 587 3 77 447 324 488
test_Nagakute_00110.jpg,8 0 280 239 566 2 275 232 333 611
test_Nagakute_00111.jpg,5 120 385 555 594
test_Nagakute_00112.jpg,1 33 384 176 595
test_Nagakute_00113.jpg,2 74 260 255 587
test_Nagakute_00114.jpg,1 227 354 310 581 2 21 373 168 593 8 272 311 565 604
test_Nagakute_00115.jpg,7 15 396 345 487
test_Nagakute_00116.jpg,1 307 392 509 605 1 176 454 240 545
test_Nagakute_00117.jpg,2 216 356 461 591 3 184 481 335 521
test_Nagakute_00118.jpg,8 287 315 572 603
test_Nagakute_00119.jpg,5 279 384 447 576
test_Nagakute_00120.jpg,5 -10 339 212 581
test_Nagakute_00121.jpg,1 76 441 182 598 8 0 389 139 561 1 212 417 292 580
test_Nagakute_00122.jpg,3 87 375 301 431 2 236 318 397 588
test_Nagakute_00123.jpg,5 67 369 508 598
test_Nagakute_00124.jpg,8 301 308 599 544 1 127 407 257 586 8 6 357 162 550
test_Nagakute_00125.jpg,3 -12 375 606 600
test_Nagakute_00126.jpg,3 393 370 604 419 2 259 342 587 590 3 439 443 591 473
test_Nagakute_00127.jpg,1 290 524 380 595 1 225 530 283 597
test_Nagakute_00128.jpg,5 19 289 584 589
test_Nagakute_00129.jpg,2 219 322 455 594 2 383 426 585 599
test_Nagakute_00130.jpg,1 176 421 256 601
test_Nagakute_00131.jpg,1 284 362 409 577 8 0 308 219 496
test_Nagakute_00132.jpg,8 308 325 600 585 8 3 319 202 610 2 227 338 266 591
test_Nagakute_00133.jpg,5 32 482 575 599
test_Nagakute_00134.jpg,2 228 314 400 594 3 91 384 304 437 3 14 466 276 586
test_Nagakute_00135.jpg,8 314 343 600 566 8 34 373 213 597
test_Nagakute_00136.jpg,8 49 358 246 598 5 143 348 286 566
test_Nagakute_00137.jpg,1 185 433 261 594
test_Nagakute_00138.jpg,8 345 317 589 598
test_Nagakute_00139.jpg,5 264 359 542 600 1 47 375 165 591
test_Nagakute_00140.jpg,2 232 396 398 596 3 384 522 576 569
test_Nagakute_00141.jpg,5 -1 377 178 593 3 135 358 309 424
test_Nagakute_00142.jpg,8 58 315 569 586 5 341 340 538 507
test_Nagakute_00143.jpg,5 298 320 607 591 1 249 376 348 600
test_Nagakute_00144.jpg,1 27 371 252 563
test_Nagakute_00145.jpg,8 66 459 154 597
test_Nagakute_00146.jpg,8 78 426 612 594 5 366 447 587 579
test_Nagakute_00147.jpg,1 82 440 177 594
test_Nagakute_00148.jpg,1 392 395 516 499
test_Nagakute_00149.jpg,2 366 407 524 497
test_Nagakute_00150.jpg,2 211 323 264 591 4 41 436 562 559
test_Nagakute_00151.jpg,8 261 328 589 608 5 4 348 120 588 1 369 428 531 578
test_Nagakute_00152.jpg,8 3 401 110 532 1 141 477 208 592 1 488 435 602 522
test_Nagakute_00153.jpg,7 1 434 596 598
test_Nagakute_00154.jpg,4 17 499 608 552
test_Nagakute_00155.jpg,5 334 435 541 591
test_Nagakute_00156.jpg,8 -6 322 213 557 5 44 428 250 598
test_Nagakute_00157.jpg,7 282 436 608 591
test_Nagakute_00158.jpg,8 0 367 88 482 8 316 299 599 517 2 321 368 539 599
test_Nagakute_00159.jpg,2 177 231 254 500
test_Nagakute_00160.jpg,3 312 502 592 555 8 50 340 233 592
test_Nagakute_00161.jpg,2 284 333 570 593
test_Nagakute_00162.jpg,8 323 362 603 595 8 -3 357 165 539 1 95 447 252 608
test_Nagakute_00163.jpg,3 9 258 615 414
test_Nagakute_00164.jpg,5 375 358 597 585 2 231 238 343 605
test_Nagakute_00165.jpg,4 24 312 588 601
test_Nagakute_00166.jpg,2 201 339 257 598 4 218 509 555 549
test_Nagakute_00167.jpg,8 8 251 258 497 8 348 269 595 584 2 272 277 341 595 1 360 452 436 597
test_Nagakute_00168.jpg,4 8 447 607 579 8 384 393 513 516 1 64 518 147 595
test_Nagakute_00169.jpg,2 248 327 375 602 3 11 446 364 512
test_Nagakute_00170.jpg,8 -3 334 571 604
test_Nagakute_00171.jpg,1 300 367 395 509 1 60 378 199 515
test_Nagakute_00172.jpg,2 259 361 318 586
test_Nagakute_00173.jpg,7 16 327 562 531 5 64 475 553 588
test_Nagakute_00174.jpg,7 104 490 604 603
test_Nagakute_00175.jpg,5 269 379 455 582 8 10 372 207 592
test_Nagakute_00176.jpg,1 164 363 241 451 2 397 453 501 592 8 4 321 236 469
test_Nagakute_00177.jpg,5 74 344 519 601
test_Nagakute_00178.jpg,8 365 355 608 572 8 23 348 183 604 1 167 394 230 599 2 239 355 297 600
test_Nagakute_00179.jpg,7 326 397 576 603
test_Nagakute_00180.jpg,2 71 352 214 585
test_Nagakute_00181.jpg,5 53 351 542 598
test_Nagakute_00182.jpg,8 299 321 582 599
test_Nagakute_00183.jpg,8 181 348 300 451 8 5 345 141 569 3 8 511 291 583
test_Nagakute_00184.jpg,2 288 368 523 600 8 63 335 179 583 1 149 469 213 600
test_Nagakute_00185.jpg,5 260 353 402 584
test_Nagakute_00186.jpg,1 277 429 398 558 1 222 484 293 604
test_Nagakute_00187.jpg,5 192 407 528 597 2 153 300 264 597
test_Nagakute_00188.jpg,1 308 445 446 586
test_Nagakute_00189.jpg,8 357 392 589 585 3 267 437 427 513
test_Nagakute_00190.jpg,1 27 327 229 613
test_Nagakute_00191.jpg,1 43 448 148 570
test_Nagakute_00192.jpg,8 334 323 595 573
test_Nagakute_00193.jpg,8 8 339 260 588 2 329 323 548 604
test_Nagakute_00194.jpg,2 191 324 292 602
test_Nagakute_00195.jpg,8 93 338 477 595
test_Nagakute_00196.jpg,1 233 358 318 508 8 10 305 195 449 1 94 354 198 427
test_Nagakute_00197.jpg,2 150 351 205 602 4 11 489 187 518
test_Nagakute_00198.jpg,1 243 423 312 595
test_Nagakute_00199.jpg,2 366 355 600 592
test_Nagakute_00200.jpg,2 327 410 563 597 3 93 459 196 486
test_Nagakute_00201.jpg,5 218 444 368 592 8 24 405 190 595
test_Nagakute_00202.jpg,8 248 343 602 599
test_Nagakute_00203.jpg,8 274 317 584 596 5 22 424 168 599
test_Nagakute_00204.jpg,7 16 472 588 598
test_Nagakute_00205.jpg,2 300 377 415 593
test_Nagakute_00206.jpg,1 8 409 106 501 8 1 314 204 527 1 293 412 390 526
test_Nagakute_00207.jpg,2 228 227 638 616 3 361 403 548 465
test_Nagakute_00208.jpg,8 302 482 399 592 1 45 456 123 589
test_Nagakute_00209.jpg,5 190 467 418 593 8 154 477 250 584
test_Nagakute_00210.jpg,8 60 395 321 503
test_Nagakute_00211.jpg,8 6 422 593 589
test_Nagakute_00212.jpg,3 234 395 449 557 2 200 301 247 599
test_Nagakute_00213.jpg,2 303 354 592 594 8 10 355 191 532
test_Nagakute_00214.jpg,1 4 315 143 502 8 273 285 523 602
test_Nagakute_00215.jpg,1 32 390 149 595 1 302 352 509 560
test_Nagakute_00216.jpg,5 21 448 540 591
test_Nagakute_00217.jpg,1 153 388 279 583
test_Nagakute_00218.jpg,2 186 302 323 589
test_Nagakute_00219.jpg,1 107 399 187 593 8 227 340 596 594
test_Nagakute_00220.jpg,2 249 310 455 599 3 178 473 335 512
test_Nagakute_00221.jpg,3 -3 460 588 548 1 410 473 559 600 1 327 329 420 428
test_Nagakute_00222.jpg,3 88 448 577 495 2 375 405 603 511 8 7 306 70 586
test_Nagakute_00223.jpg,8 62 360 614 607
test_Nagakute_00224.jpg,8 270 362 523 427 2 256 446 323 597 2 81 335 183 446 1 320 397 374 446
test_Nagakute_00225.jpg,7 129 339 596 442 8 38 484 589 575
test_Nagakute_00226.jpg,8 277 334 518 592 1 108 357 186 463 8 5 316 153 443
test_Nagakute_00227.jpg,5 177 319 310 516
test_Nagakute_00228.jpg,5 15 358 381 589
test_Nagakute_00229.jpg,2 257 337 327 595 5 341 392 554 595 1 129 445 213 579
test_Nagakute_00230.jpg,2 279 312 390 587 5 84 383 300 591 6 150 456 210 489
test_Nagakute_00231.jpg,4 6 451 607 478 2 293 304 347 473 5 161 331 289 458
test_Nagakute_00232.jpg,2 269 358 455 588 5 102 400 374 589
test_Nagakute_00233.jpg,2 184 320 284 589 2 341 334 567 571 1 357 392 492 588
test_Nagakute_00234.jpg,2 248 335 292 599
test_Nagakute_00235.jpg,8 0 322 195 491
test_Nagakute_00236.jpg,8 261 336 503 609
test_Nagakute_00237.jpg,8 12 302 202 545 1 72 396 173 596
test_Nagakute_00238.jpg,4 23 483 594 591 1 418 358 515 456
test_Nagakute_00239.jpg,8 284 383 483 596 1 235 420 323 592
test_Nagakute_00240.jpg,8 293 296 603 499 1 219 329 301 423
test_Nagakute_00241.jpg,8 4 312 284 604 1 101 437 216 595 2 313 335 384 597
test_Nagakute_00242.jpg,2 4 349 209 596 2 301 359 442 594
test_Nagakute_00243.jpg,1 154 504 232 578
test_Nagakute_00244.jpg,8 6 321 189 492 1 319 417 408 527
test_Nagakute_00245.jpg,8 -2 297 123 435 2 172 334 233 595 8 247 350 611 586
test_Nagakute_00246.jpg,2 241 343 331 598
test_Nagakute_00247.jpg,8 -2 308 260 567 2 277 324 329 593
test_Nagakute_00248.jpg,1 74 465 187 602 8 0 286 137 389 8 238 331 600 595
test_Nagakute_00249.jpg,2 177 315 251 594
test_Nagakute_00250.jpg,7 -26 400 630 598
test_Nagakute_00251.jpg,8 340 298 594 549
test_Nagakute_00252.jpg,8 269 335 544 591
test_Nagakute_00253.jpg,8 334 471 513 598
test_Nagakute_00254.jpg,8 1 322 202 490 1 264 458 327 572
test_Nagakute_00255.jpg,5 14 384 598 602 8 279 334 590 532 8 114 310 219 511
test_Nagakute_00256.jpg,1 292 504 344 574
test_Nagakute_00257.jpg,8 139 273 281 595 5 327 320 467 591
test_Nagakute_00258.jpg,3 52 537 303 593 5 345 435 457 518
test_Nagakute_00259.jpg,1 312 365 522 607 8 5 310 216 577
test_Nagakute_00260.jpg,3 176 527 460 569 3 211 331 419 388 3 249 393 513 508
test_Nagakute_00261.jpg,1 38 451 140 554 8 -1 318 205 479
test_Nagakute_00262.jpg,1 281 398 397 583
test_Nagakute_00263.jpg,1 336 354 429 507
test_Nagakute_00264.jpg,5 44 282 342 564
test_Nagakute_00265.jpg,8 214 309 594 601 2 134 304 259 499 8 -1 294 91 461
test_Nagakute_00266.jpg,1 242 332 292 467
test_Nagakute_00267.jpg,2 66 340 245 601 5 394 358 600 569
test_Nagakute_00268.jpg,5 144 278 339 591 8 73 239 224 602 3 333 400 601 468
test_Nagakute_00269.jpg,5 113 334 486 596
test_Nagakute_00270.jpg,8 313 322 599 585 8 -5 292 220 440 1 233 366 353 583 1 70 351 190 504
test_Nagakute_00271.jpg,8 98 249 221 598 2 309 455 392 595 1 457 480 553 596
test_Nagakute_00272.jpg,1 444 399 586 519
test_Nagakute_00273.jpg,8 2 234 215 575 2 234 229 330 591 1 79 466 162 602 1 362 344 587 595
test_Nagakute_00274.jpg,5 10 459 577 598
test_Numazu_00001.jpg,5 358 435 541 563 8 292 412 355 473 5 48 452 216 589 2 242 414 289 588
test_Numazu_00002.jpg,6 9 387 235 604
test_Numazu_00003.jpg,7 25 402 583 593 2 294 312 382 406
test_Numazu_00004.jpg,3 47 533 571 596 1 194 425 252 581
test_Numazu_00005.jpg,5 158 494 574 593
test_Numazu_00006.jpg,3 44 491 444 541 6 22 443 457 467
test_Numazu_00007.jpg,2 369 380 595 564 4 166 425 585 473
test_Numazu_00008.jpg,6 11 369 140 476 1 177 460 267 596
test_Numazu_00009.jpg,6 68 370 499 579
test_Numazu_00010.jpg,8 41 340 181 593
test_Numazu_00011.jpg,5 14 347 609 599
test_Numazu_00012.jpg,8 1 267 202 450
test_Numazu_00013.jpg,5 146 278 243 379
test_Numazu_00014.jpg,6 83 416 512 593
test_Numazu_00015.jpg,5 55 288 409 587
test_Numazu_00016.jpg,2 307 330 456 538
test_Numazu_00017.jpg,7 310 312 602 577
test_Numazu_00018.jpg,7 54 361 578 611
test_Numazu_00019.jpg,8 256 388 506 592
test_Numazu_00020.jpg,5 26 421 211 602 2 174 402 227 594
test_Numazu_00021.jpg,2 51 307 184 534 1 209 394 266 536 8 254 320 352 453
test_Numazu_00022.jpg,5 435 356 587 592
test_Numazu_00023.jpg,8 81 340 209 471 2 278 329 323 444
test_Numazu_00024.jpg,8 323 294 611 553 8 3 280 196 496 3 246 429 504 476 2 166 394 237 585
test_Numazu_00025.jpg,5 184 305 560 587
test_Numazu_00026.jpg,6 239 324 422 470 6 0 428 214 567
test_Numazu_00027.jpg,2 256 299 309 401 4 178 383 529 429 2 206 285 248 579
test_Numazu_00028.jpg,4 240 554 563 600 2 231 337 277 595 4 214 471 589 518
test_Numazu_00029.jpg,5 46 385 572 594
test_Numazu_00030.jpg,8 189 297 380 590 3 283 501 585 546
test_Numazu_00031.jpg,8 7 233 220 575 2 204 292 247 468
test_Numazu_00032.jpg,8 -1 294 158 434 8 339 308 591 550 1 152 321 222 474
test_Numazu_00033.jpg,5 162 340 310 589 3 406 403 603 453
test_Numazu_00034.jpg,5 253 352 412 592 3 35 464 317 501
test_Numazu_00035.jpg,8 60 327 195 600 2 262 339 325 592 3 294 522 458 550 3 293 437 404 457
test_Numazu_00036.jpg,2 27 254 278 583 8 351 394 550 588 1 -13 383 323 499
test_Numazu_00037.jpg,2 35 376 104 590
test_Numazu_00038.jpg,5 262 415 541 589 2 228 433 274 593
test_Numazu_00039.jpg,8 7 373 183 557 4 46 490 588 531 2 257 342 458 593 4 342 424 496 451
test_Numazu_00040.jpg,8 17 280 199 591 8 318 289 593 466 1 214 305 264 359
test_Numazu_00041.jpg,2 -2 242 246 513 2 307 361 389 582
test_Numazu_00042.jpg,2 255 313 308 595 3 53 402 297 446 3 155 468 286 498
test_Numazu_00043.jpg,2 300 459 380 595
test_Numazu_00044.jpg,2 127 307 225 591
test_Numazu_00045.jpg,1 265 436 395 589 2 91 376 206 603
test_Numazu_00046.jpg,2 253 305 368 596
test_Numazu_00047.jpg,2 318 308 536 578 1 161 315 218 373
test_Numazu_00048.jpg,7 5 323 437 522
test_Numazu_00049.jpg,1 425 437 574 586 2 33 282 221 590 1 272 350 337 430
test_Numazu_00050.jpg,7 -5 392 568 601
test_Numazu_00051.jpg,7 220 339 545 401 5 24 367 585 540
test_Numazu_00052.jpg,4 20 517 151 550 2 139 393 200 547
test_Numazu_00053.jpg,8 395 345 601 534 1 350 381 492 584
test_Numazu_00054.jpg,2 255 388 341 589 3 405 440 598 514
test_Numazu_00055.jpg,2 261 366 433 593
test_Numazu_00056.jpg,7 43 414 586 607
test_Numazu_00057.jpg,8 432 467 607 592 8 15 353 208 598 5 72 398 582 592
test_Numazu_00058.jpg,5 107 391 296 598 2 221 412 245 585
test_Numazu_00059.jpg,7 5 361 603 594
test_Numazu_00060.jpg,5 19 411 496 592
test_Numazu_00061.jpg,1 496 478 568 579 1 327 479 422 571 3 30 407 160 453 1 386 392 468 428
test_Numazu_00062.jpg,5 29 394 504 596 8 11 276 201 415 8 309 300 597 468
test_Numazu_00063.jpg,5 30 353 419 579
test_Numazu_00064.jpg,6 121 396 414 602
test_Numazu_00065.jpg,2 291 310 377 449
test_Numazu_00066.jpg,2 298 292 461 528
test_Numazu_00067.jpg,8 2 287 188 538 5 318 342 563 593 6 393 458 477 532
test_Numazu_00068.jpg,5 147 419 555 586
test_Numazu_00069.jpg,6 143 343 395 549 5 486 466 598 589
test_Numazu_00070.jpg,3 16 416 412 587 8 295 397 433 587
test_Numazu_00071.jpg,8 366 296 438 362 8 31 315 199 594
test_Numazu_00072.jpg,8 187 272 264 390 8 306 335 529 466
test_Numazu_00073.jpg,7 9 420 591 603 8 282 252 442 435
test_Numazu_00074.jpg,3 345 406 557 438 3 283 344 489 380
test_Numazu_00075.jpg,5 17 401 278 583
test_Numazu_00076.jpg,4 15 412 607 478 2 283 268 322 392
test_Numazu_00077.jpg,1 270 393 352 577
test_Numazu_00078.jpg,6 159 359 345 597
test_Numazu_00079.jpg,8 302 397 555 598
test_Numazu_00080.jpg,8 283 393 437 599 2 215 382 250 591 1 382 420 586 581
test_Numazu_00081.jpg,8 28 264 227 587 8 350 296 597 465 1 269 320 436 555
test_Numazu_00082.jpg,8 39 376 209 597 3 138 525 346 554 1 298 440 355 534
test_Numazu_00083.jpg,8 234 330 511 604 5 16 350 345 591
test_Numazu_00084.jpg,5 38 456 231 601
test_Numazu_00085.jpg,5 235 392 443 589
test_Numazu_00086.jpg,2 71 364 216 582 8 376 410 603 562 2 277 421 342 550
test_Numazu_00087.jpg,5 26 337 310 598 2 329 349 518 597
test_Numazu_00088.jpg,5 72 385 563 596 8 0 357 195 589 8 405 463 598 600
test_Numazu_00089.jpg,1 250 403 514 587
test_Numazu_00090.jpg,2 320 416 396 583 4 98 389 341 428 3 14 529 246 571
test_Numazu_00091.jpg,1 298 436 432 589 8 29 301 203 594 8 374 315 597 476 1 169 411 262 589
test_Numazu_00092.jpg,5 47 388 249 604
test_Numazu_00093.jpg,4 18 482 592 520
test_Numazu_00094.jpg,5 173 320 369 413 2 306 301 422 409 2 147 305 204 398
test_Numazu_00095.jpg,5 240 277 379 571
test_Numazu_00096.jpg,8 27 285 203 483
test_Numazu_00097.jpg,5 126 401 274 593
test_Numazu_00098.jpg,6 97 416 427 604
test_Numazu_00099.jpg,5 164 506 314 603
test_Numazu_00100.jpg,2 358 493 463 597 5 184 391 424 580
test_Numazu_00101.jpg,2 299 311 455 578 5 226 352 410 584
test_Numazu_00102.jpg,5 140 360 573 602
test_Numazu_00103.jpg,3 243 412 581 486 2 219 387 252 558
test_Numazu_00104.jpg,5 45 326 577 577
test_Numazu_00105.jpg,2 295 297 555 586
test_Numazu_00106.jpg,5 21 381 580 575
test_Numazu_00107.jpg,5 69 313 604 586 8 136 287 258 549 8 444 395 601 548
test_Numazu_00108.jpg,3 0 476 405 553 5 447 405 592 546
test_Numazu_00109.jpg,1 122 323 344 543
test_Numazu_00110.jpg,8 352 334 574 597 3 2 477 280 543 8 189 342 295 587
test_Numazu_00111.jpg,8 0 413 172 585 3 380 466 598 538 8 282 316 383 589
test_Numazu_00112.jpg,5 120 426 534 595
test_Numazu_00113.jpg,8 15 268 198 480 5 334 318 600 609 2 220 313 258 584
test_Numazu_00114.jpg,5 221 326 351 419 5 19 413 509 585 2 44 294 196 559
test_Numazu_00115.jpg,1 213 298 265 416
test_Numazu_00116.jpg,1 195 375 276 530
test_Numazu_00117.jpg,4 267 392 602 443 2 234 265 284 591
test_Numazu_00118.jpg,8 350 336 587 593 2 216 267 267 590
test_Numazu_00119.jpg,2 285 365 515 594
test_Numazu_00120.jpg,5 207 318 470 586
test_Numazu_00121.jpg,8 -8 416 162 579
test_Numazu_00122.jpg,3 20 380 552 434 1 5 396 118 588
test_Numazu_00123.jpg,8 32 353 175 596 5 243 394 387 597
test_Numazu_00124.jpg,2 296 319 469 588 1 138 454 214 596
test_Numazu_00125.jpg,7 83 430 586 593
test_Numazu_00126.jpg,2 198 394 252 592
test_Numazu_00127.jpg,5 143 463 444 594
test_Numazu_00128.jpg,5 252 398 460 593 5 8 377 147 587
test_Numazu_00129.jpg,5 350 422 490 569 2 259 431 283 591
test_Numazu_00130.jpg,5 20 396 273 565 2 307 396 469 559
test_Numazu_00131.jpg,5 46 376 239 594
test_Numazu_00132.jpg,1 292 383 484 590 5 73 346 262 596
test_Numazu_00133.jpg,2 360 472 427 591 3 115 455 398 509 2 127 412 168 518
test_Numazu_00134.jpg,8 1 282 207 591 8 354 304 598 482 1 211 354 288 491
test_Numazu_00135.jpg,1 184 341 255 596 1 280 351 358 453 3 15 545 230 584 3 7 461 233 519
test_Numazu_00136.jpg,2 134 382 209 574
test_Numazu_00137.jpg,1 182 378 297 579 1 389 358 564 557
test_Numazu_00138.jpg,5 15 377 587 599
test_Numazu_00139.jpg,4 170 417 605 455
test_Numazu_00140.jpg,8 48 516 578 585
test_Numazu_00141.jpg,8 307 361 503 575 2 253 365 345 583 4 356 404 536 434
test_Numazu_00142.jpg,8 1 260 218 493 3 0 501 424 573 2 425 344 603 472 4 139 327 449 365 5 441 411 593 534
test_Numazu_00143.jpg,8 0 297 190 513 1 323 389 496 583
test_Numazu_00144.jpg,5 17 327 590 583 8 274 300 455 610 8 450 417 595 513
test_Numazu_00145.jpg,8 343 316 530 412 2 315 332 443 529
test_Numazu_00146.jpg,2 317 323 488 578
test_Numazu_00147.jpg,5 14 408 399 592
test_Numazu_00148.jpg,3 125 419 404 472 1 76 303 147 602 1 179 298 245 382
test_Numazu_00149.jpg,6 357 472 535 594 5 31 384 550 605
test_Numazu_00150.jpg,5 193 357 594 515
test_Numazu_00151.jpg,2 277 289 359 463 8 351 389 600 592
test_Numazu_00152.jpg,1 269 485 341 597
test_Numazu_00153.jpg,8 114 374 373 609 8 377 353 604 598
test_Numazu_00154.jpg,7 -4 383 596 607
test_Numazu_00155.jpg,5 296 337 575 599 8 4 293 164 494 1 38 412 135 547
test_Numazu_00156.jpg,4 231 481 520 513 4 236 414 438 445 2 219 382 264 550 2 370 430 481 592
test_Numazu_00157.jpg,6 30 366 417 600
test_Numazu_00158.jpg,2 317 293 491 579
test_Numazu_00159.jpg,1 14 432 175 593 2 184 284 258 416
test_Numazu_00160.jpg,7 15 419 597 588 1 46 355 146 539 1 157 281 253 387
test_Numazu_00161.jpg,8 343 289 595 531
test_Numazu_00162.jpg,8 5 304 184 572 1 295 332 418 490
test_Numazu_00163.jpg,5 163 299 592 607
test_Numazu_00164.jpg,1 28 335 207 519
test_Numazu_00165.jpg,2 7 302 203 576
test_Numazu_00166.jpg,8 7 274 198 498 2 74 437 164 580
test_Numazu_00167.jpg,7 -1 368 604 595
test_Numazu_00168.jpg,5 84 360 595 592 8 277 311 475 608 8 109 319 229 388
test_Numazu_00169.jpg,5 80 273 227 524
test_Numazu_00170.jpg,7 266 350 498 525
test_Numazu_00171.jpg,5 134 318 280 451
test_Numazu_00172.jpg,8 331 286 600 537 1 177 307 259 458
test_Numazu_00173.jpg,2 167 269 253 474 4 25 447 587 526
test_Numazu_00174.jpg,2 205 312 250 474 8 -1 260 214 583
test_Numazu_00175.jpg,8 282 401 537 595 8 2 403 192 546 1 177 405 249 587
test_Numazu_00176.jpg,6 284 288 575 602 2 243 340 354 591
test_Numazu_00177.jpg,1 312 466 473 593 1 122 402 219 581
test_Numazu_00178.jpg,5 143 490 333 596
test_Numazu_00179.jpg,6 199 480 362 597
test_Numazu_00180.jpg,8 300 421 499 596
test_Numazu_00181.jpg,5 36 325 381 579 2 279 276 620 546 2 232 274 405 585
test_Numazu_00182.jpg,5 291 437 419 590 1 76 494 162 590 3 106 558 332 581
test_Numazu_00183.jpg,5 23 336 485 580
test_Numazu_00184.jpg,5 181 501 581 594 4 172 467 605 521
test_Numazu_00185.jpg,1 153 417 269 575 8 9 288 146 580
test_Numazu_00186.jpg,5 261 336 590 577
test_Numazu_00187.jpg,1 359 429 446 533
test_Numazu_00188.jpg,2 181 252 228 333
test_Numazu_00189.jpg,5 194 348 585 592
test_Numazu_00190.jpg,2 354 370 558 596 8 181 293 260 347 1 77 345 213 463 2 258 305 315 464
test_Numazu_00191.jpg,2 292 317 416 564
test_Numazu_00192.jpg,2 28 290 210 585 6 349 357 602 586
test_Numazu_00193.jpg,8 346 291 592 531 1 47 408 168 562
test_Numazu_00194.jpg,8 -4 265 209 454 1 139 366 225 545 8 326 340 462 498
test_Numazu_00195.jpg,5 1 399 313 593
test_Numazu_00196.jpg,2 278 253 576 587
test_Numazu_00197.jpg,1 348 372 452 453 1 204 307 282 408
test_Numazu_00198.jpg,3 60 389 298 428 3 57 548 360 598 3 332 438 580 517 1 253 380 355 593
test_Numazu_00199.jpg,8 348 325 601 545
test_Numazu_00200.jpg,2 226 281 246 564
test_Numazu_00201.jpg,2 302 477 377 596 2 527 473 593 560 2 456 481 504 599
test_Numazu_00202.jpg,8 -1 280 213 475 8 438 473 549 594
test_Numazu_00203.jpg,5 243 335 568 595
test_Numazu_00204.jpg,8 -4 268 196 472 5 33 303 544 605
test_Numazu_00205.jpg,6 10 439 391 598
test_Numazu_00206.jpg,4 71 387 546 458 6 344 450 446 506 2 72 267 190 420
test_Numazu_00207.jpg,1 129 456 223 572 7 201 274 433 339 3 142 441 491 471 8 17 292 595 589 8 316 356 442 417
test_Numazu_00208.jpg,5 239 395 557 591 8 326 421 431 514
test_Numazu_00209.jpg,6 4 384 505 471 1 339 440 428 590
test_Numazu_00210.jpg,5 330 449 504 601 5 91 473 166 546
test_Numazu_00211.jpg,5 4 400 191 594
test_Numazu_00212.jpg,8 284 406 588 597
test_Numazu_00213.jpg,8 9 260 280 472 8 473 326 601 529
test_Numazu_00214.jpg,5 22 378 494 597
test_Numazu_00215.jpg,8 -4 258 211 482 8 292 246 548 476 5 93 374 477 583
test_Numazu_00216.jpg,5 54 316 233 593
test_Numazu_00217.jpg,5 113 548 317 599 5 353 423 598 603 2 249 392 295 488
test_Numazu_00218.jpg,2 251 288 407 599 4 28 371 487 447 5 241 399 528 550
test_Numazu_00219.jpg,5 19 355 590 597
test_Numazu_00220.jpg,6 252 348 479 547
test_Numazu_00221.jpg,2 254 303 336 584 8 313 332 392 440
test_Numazu_00222.jpg,3 294 408 581 454 1 211 420 297 490
test_Numazu_00223.jpg,2 287 360 382 580 5 116 409 226 562
test_Numazu_00224.jpg,5 80 407 463 598
test_Numazu_00225.jpg,2 134 301 221 573
test_Numazu_00226.jpg,5 10 349 476 588 8 310 326 366 394
test_Numazu_00227.jpg,5 11 418 613 600 8 44 387 212 592
test_Numazu_00228.jpg,8 268 401 348 550
test_Numazu_00229.jpg,2 5 302 100 492
test_Numazu_00230.jpg,8 83 288 226 486
test_Numazu_00231.jpg,5 97 316 531 573
test_Numazu_00232.jpg,2 261 283 405 573
test_Numazu_00233.jpg,1 173 365 308 565 8 345 291 596 491
test_Numazu_00234.jpg,1 239 293 308 605
test_Numazu_00235.jpg,8 331 315 600 595 1 234 282 276 462 1 69 372 217 542
test_Numazu_00236.jpg,6 62 362 477 581
test_Numazu_00237.jpg,5 90 395 415 595
test_Numazu_00238.jpg,2 314 336 485 566
test_Numazu_00239.jpg,6 246 421 365 512
test_Numazu_00240.jpg,2 251 368 391 597
test_Numazu_00241.jpg,2 264 271 371 581
test_Numazu_00242.jpg,5 292 352 596 587 8 99 299 256 601
test_Numazu_00243.jpg,8 0 301 162 495 1 153 310 285 412
test_Numazu_00244.jpg,2 292 396 329 594
test_Numazu_00245.jpg,6 183 295 332 581
test_Numazu_00246.jpg,2 286 423 388 597 5 312 443 592 602 8 387 404 607 545 5 99 494 215 598
test_Numazu_00247.jpg,5 153 482 365 592 6 30 536 145 598
test_Numazu_00248.jpg,5 141 398 258 517 2 238 344 291 590
test_Numazu_00249.jpg,8 284 363 488 597 3 429 533 595 568 3 330 441 540 462
test_Numazu_00250.jpg,2 107 314 243 592 2 316 305 524 564 3 162 457 597 523
test_Numazu_00251.jpg,4 55 500 438 549 8 333 420 450 534
test_Numazu_00252.jpg,1 226 478 393 579 5 13 472 177 595
test_Numazu_00253.jpg,2 304 302 546 589
test_Numazu_00254.jpg,1 58 411 207 594 3 248 379 413 416
test_Numazu_00255.jpg,8 305 365 422 588
test_Numazu_00256.jpg,5 24 350 507 593 8 184 308 310 389
test_Numazu_00257.jpg,5 75 287 397 391
test_Numazu_00258.jpg,1 181 323 220 373 1 264 292 301 348
test_Numazu_00259.jpg,1 354 416 422 588 1 457 420 549 513
test_Numazu_00260.jpg,6 173 370 373 584
test_Numazu_00261.jpg,5 57 258 228 583
test_Numazu_00262.jpg,8 324 313 579 583
test_Numazu_00263.jpg,5 198 365 441 589 8 166 307 243 437
test_Numazu_00264.jpg,8 185 309 361 497 1 99 378 207 542
test_Numazu_00265.jpg,2 254 355 475 599 8 31 373 189 600
test_Numazu_00266.jpg,1 227 465 288 597
test_Numazu_00267.jpg,7 231 408 551 489 5 487 497 603 590
test_Numazu_00268.jpg,8 117 348 293 602
test_Numazu_00269.jpg,5 34 301 528 581
test_Numazu_00270.jpg,7 373 412 605 546
test_Numazu_00271.jpg,8 367 324 597 541 8 131 313 399 360
test_Numazu_00272.jpg,1 210 330 354 596 8 298 317 397 440
test_Numazu_00273.jpg,2 213 274 347 591
test_Numazu_00274.jpg,6 62 459 340 548 4 280 532 547 569
test_Numazu_00275.jpg,2 318 282 412 600 3 368 421 567 465
test_Numazu_00276.jpg,7 -11 380 622 558
test_Numazu_00277.jpg,4 56 490 468 530 2 228 359 288 515 2 86 371 202 524
test_Numazu_00278.jpg,2 179 330 225 382
test_Numazu_00279.jpg,8 335 429 463 595 8 4 414 160 573 2 74 382 235 599 4 330 477 577 508 2 268 388 354 590
test_Numazu_00280.jpg,2 258 313 349 595
test_Numazu_00281.jpg,5 16 341 244 594
test_Numazu_00282.jpg,1 65 427 190 583
test_Numazu_00283.jpg,5 91 430 261 593
test_Numazu_00284.jpg,2 243 342 294 589 3 11 548 146 589
test_Numazu_00285.jpg,5 266 406 591 595
test_Numazu_00286.jpg,5 47 363 247 595 4 193 459 552 519
test_Numazu_00287.jpg,3 333 471 601 526 1 67 449 167 507
test_Numazu_00288.jpg,6 128 433 430 598
test_Numazu_00289.jpg,5 188 437 591 600
test_Numazu_00290.jpg,7 145 306 607 413 1 201 395 323 488
test_Numazu_00291.jpg,4 454 527 603 595 5 187 433 299 566
test_Numazu_00292.jpg,2 327 308 576 578
test_Numazu_00293.jpg,5 178 330 567 588
test_Numazu_00294.jpg,3 259 405 512 464 2 203 342 236 425 1 189 412 241 586
test_Numazu_00295.jpg,8 -3 284 174 444 2 324 410 400 588
test_Numazu_00296.jpg,6 127 387 317 592
test_Numazu_00297.jpg,5 280 441 421 603 1 197 391 247 455
test_Numazu_00298.jpg,1 71 299 340 593 8 393 400 557 603
test_Numazu_00299.jpg,1 336 313 471 444
test_Numazu_00300.jpg,2 212 394 257 597 2 295 412 367 520
test_Numazu_00301.jpg,5 38 322 500 576 6 283 371 440 480 2 306 302 477 546
test_Numazu_00302.jpg,2 2 339 123 478
test_Numazu_00303.jpg,2 9 247 248 517
test_Numazu_00304.jpg,8 296 261 593 574
test_Numazu_00305.jpg,1 28 468 169 585 8 115 450 373 505
test_Numazu_00306.jpg,8 326 253 604 506 1 208 283 340 420
test_Numazu_00307.jpg,3 134 493 593 555 8 2 264 198 547
test_Numazu_00308.jpg,8 202 401 389 537 5 60 517 230 598
test_Numazu_00309.jpg,5 333 407 417 495
test_Numazu_00310.jpg,2 53 340 136 415 2 288 354 417 597 3 437 489 592 541 5 391 357 594 486
test_Numazu_00311.jpg,5 32 414 570 589
test_Numazu_00312.jpg,5 81 302 271 561
test_Numazu_00313.jpg,4 10 462 409 495 2 107 281 162 476
test_Numazu_00314.jpg,4 60 493 318 546 2 265 398 322 588
test_Numazu_00315.jpg,8 329 299 576 601 1 312 439 420 570 8 2 361 112 498
test_Numazu_00316.jpg,3 162 385 593 476 5 5 306 202 513
test_Numazu_00317.jpg,2 334 408 517 592 5 453 438 573 506
test_Numazu_00318.jpg,8 106 349 242 590 8 406 416 601 544 2 336 411 482 593 2 222 365 261 593
test_Numazu_00319.jpg,8 12 513 455 570
test_Numazu_00320.jpg,2 368 374 585 584 2 71 361 181 585
test_Numazu_00321.jpg,7 23 328 586 540
test_Numazu_00322.jpg,6 131 298 387 365
test_Numazu_00323.jpg,7 73 344 593 480
test_Numazu_00324.jpg,8 124 480 601 570 8 111 368 299 506
test_Numazu_00325.jpg,1 87 428 167 592 8 13 380 158 525
test_Numazu_00326.jpg,5 321 320 582 585
test_Numazu_00327.jpg,2 98 428 173 563 4 184 538 472 580 7 295 425 596 576
test_Numazu_00328.jpg,6 53 509 228 594 8 9 287 183 473 8 290 304 556 604
test_Numazu_00329.jpg,8 27 267 229 593 8 360 299 601 473 1 283 340 350 445 1 219 300 264 403
test_Numazu_00330.jpg,5 222 333 435 583 5 25 326 182 590
test_Numazu_00331.jpg,1 188 422 259 527
test_Numazu_00332.jpg,7 1 494 591 594 2 320 335 379 444
test_Numazu_00333.jpg,7 22 435 579 599
test_Numazu_00334.jpg,1 226 457 297 584
test_Numazu_00335.jpg,2 1 291 206 531 5 347 312 580 571
test_Numazu_00336.jpg,8 286 328 597 587 3 225 474 386 573
test_Numazu_00337.jpg,8 359 470 600 602 2 209 395 384 588 8 33 389 194 594
test_Numazu_00338.jpg,5 315 467 594 587
test_Numazu_00339.jpg,8 1 280 202 535 8 319 272 593 597
test_Numazu_00340.jpg,5 376 393 577 548
test_Numazu_00341.jpg,2 214 350 461 585 3 390 487 594 536
test_Numazu_00342.jpg,2 431 372 597 473 1 123 386 268 599
test_Numazu_00343.jpg,7 3 345 621 601
test_Numazu_00344.jpg,8 -5 488 612 541
test_Numazu_00345.jpg,4 77 456 520 514 5 116 386 217 481
test_Numazu_00346.jpg,5 20 427 585 601
test_Numazu_00347.jpg,4 32 369 473 414 2 135 380 215 565
test_Numazu_00348.jpg,3 198 487 329 543 3 13 428 592 484 5 453 469 600 598
test_Numazu_00349.jpg,8 175 303 263 387
test_Numazu_00350.jpg,2 316 344 347 566
test_Numazu_00351.jpg,5 59 348 578 474
test_Numazu_00352.jpg,5 117 406 560 591
test_Numazu_00353.jpg,2 302 353 461 589
test_Numazu_00354.jpg,3 127 346 530 537 8 5 361 132 531
test_Numazu_00355.jpg,2 237 369 306 572
test_Numazu_00356.jpg,5 247 432 597 596 2 177 444 221 593 2 76 453 182 586
test_Numazu_00357.jpg,8 283 351 513 583
test_Numazu_00358.jpg,1 216 399 285 600 8 162 382 266 455 8 283 380 481 590 3 240 513 580 582
test_Numazu_00359.jpg,5 152 389 601 596
test_Numazu_00360.jpg,8 322 309 590 580 5 -1 264 200 507 1 352 436 440 539
test_Numazu_00361.jpg,8 254 281 311 326
test_Numazu_00362.jpg,2 236 359 312 570 5 407 403 592 560 1 68 417 146 494
test_Numazu_00363.jpg,2 194 276 276 589 3 4 401 163 435 3 171 454 434 498 1 131 323 178 388
test_Numazu_00364.jpg,8 1 377 162 526 2 251 359 426 592
test_Numazu_00365.jpg,7 56 272 509 326 8 60 406 599 450
test_Numazu_00366.jpg,7 9 272 400 332 8 8 367 437 408
test_Numazu_00367.jpg,3 424 500 550 532 5 103 406 247 585 5 307 457 405 539
test_Numazu_00368.jpg,8 6 320 166 493 8 76 394 375 592 3 242 536 421 582 1 361 436 496 590
test_Numazu_00369.jpg,2 254 313 320 566 5 275 326 500 524
test_Numazu_00370.jpg,2 224 248 324 590
test_Numazu_00371.jpg,5 34 346 475 587
test_Numazu_00372.jpg,6 154 267 510 605
test_Numazu_00373.jpg,7 9 318 557 480
test_Numazu_00374.jpg,6 26 382 215 564
test_Numazu_00375.jpg,3 91 445 492 598
test_Numazu_00376.jpg,5 43 329 227 591 8 162 431 440 595
test_Numazu_00377.jpg,2 78 340 254 579 2 397 336 593 593
test_Numazu_00378.jpg,8 303 303 599 563 8 -3 281 169 438 1 -3 368 128 543
test_Numazu_00379.jpg,4 185 406 513 531 2 240 278 326 424
test_Numazu_00380.jpg,7 9 379 596 593
test_Numazu_00381.jpg,2 235 299 313 469 1 35 387 110 464
test_Numazu_00382.jpg,7 201 340 601 446 6 421 442 525 523
test_Numazu_00383.jpg,2 420 340 536 571 2 281 312 369 584
test_Numazu_00384.jpg,7 150 308 597 456
test_Numazu_00385.jpg,5 9 354 194 596 2 131 298 260 593
test_Numazu_00386.jpg,8 0 305 150 498 8 373 376 593 577
test_Numazu_00387.jpg,1 250 378 334 590
test_Numazu_00388.jpg,5 102 273 270 590
test_Numazu_00389.jpg,5 150 354 572 593
test_Numazu_00390.jpg,5 89 409 521 595
test_Numazu_00391.jpg,5 47 374 456 594
test_Numazu_00392.jpg,2 267 308 351 570
test_Numazu_00393.jpg,1 348 276 541 397
test_Numazu_00394.jpg,5 146 347 576 583
test_Numazu_00395.jpg,6 59 406 530 600
test_Numazu_00396.jpg,2 293 452 377 596
test_Numazu_00397.jpg,2 228 373 306 588
test_Numazu_00398.jpg,5 137 353 352 459 8 345 345 493 531 8 17 267 210 427
test_Numazu_00399.jpg,6 23 318 236 456 1 375 384 587 575
test_Numazu_00400.jpg,2 265 392 348 584 2 117 415 198 588
test_Numazu_00401.jpg,8 309 367 599 585 1 155 388 233 541 1 275 386 349 470
test_Numazu_00402.jpg,4 209 442 598 474
test_Numazu_00403.jpg,8 3 267 194 457 8 338 299 594 550
test_Numazu_00404.jpg,6 200 342 501 572
test_Numazu_00405.jpg,8 2 250 169 438 8 339 265 603 579
test_Numazu_00406.jpg,8 275 292 376 360 5 319 366 572 588 2 16 278 231 593
test_Numazu_00407.jpg,8 9 346 601 604
test_Sumida_00001.jpg,8 384 428 607 552
test_Sumida_00002.jpg,2 311 437 393 527
test_Sumida_00003.jpg,1 103 422 194 468 1 160 441 270 539 2 239 411 325 533
test_Sumida_00004.jpg,8 462 504 560 594
test_Sumida_00005.jpg,7 39 448 584 532
test_Sumida_00006.jpg,8 107 405 251 453 8 8 456 186 569
test_Sumida_00007.jpg,8 11 409 96 558 5 179 428 357 534
test_Sumida_00008.jpg,2 290 394 325 537
test_Sumida_00009.jpg,8 312 422 527 557 8 -3 429 241 559
test_Sumida_00010.jpg,2 253 365 295 538
test_Sumida_00011.jpg,8 376 422 520 582
test_Sumida_00012.jpg,2 377 446 496 583
test_Sumida_00013.jpg,2 408 447 593 590
test_Sumida_00014.jpg,7 33 449 593 553
test_Sumida_00015.jpg,8 318 400 464 557
test_Sumida_00016.jpg,2 230 434 284 531
test_Sumida_00017.jpg,8 375 421 466 511 1 230 432 307 523
test_Sumida_00018.jpg,8 437 481 596 578 8 296 410 336 561
test_Sumida_00019.jpg,7 156 465 594 564
test_Sumida_00020.jpg,1 141 400 214 473 2 209 404 275 511 3 350 416 463 446
test_Sumida_00021.jpg,1 339 489 380 539
test_Sumida_00022.jpg,7 195 433 591 545
test_Sumida_00023.jpg,8 323 391 403 536
test_Sumida_00024.jpg,8 360 447 437 545 2 247 383 338 533
test_Sumida_00025.jpg,2 328 393 419 519
test_Sumida_00026.jpg,1 181 480 269 553
test_Sumida_00027.jpg,2 344 409 402 543 2 252 390 310 547
test_Sumida_00028.jpg,2 339 387 471 528
test_Sumida_00029.jpg,2 356 431 444 544
test_Sumida_00030.jpg,8 350 407 531 560
test_Sumida_00031.jpg,7 412 459 576 573
test_Sumida_00032.jpg,7 7 501 588 585 2 262 441 354 567
test_Sumida_00033.jpg,2 343 425 416 518
test_Sumida_00034.jpg,7 124 441 595 535 1 343 404 398 448
test_Sumida_00035.jpg,2 324 404 411 539 8 473 439 597 522
test_Sumida_00036.jpg,2 36 396 267 555
test_Sumida_00037.jpg,2 152 415 294 561
test_Sumida_00038.jpg,2 275 435 348 539
test_Sumida_00039.jpg,7 4 441 378 532
test_Sumida_00040.jpg,7 5 437 411 508
test_Sumida_00041.jpg,2 329 408 397 506
test_Sumida_00042.jpg,8 241 402 339 455 1 382 429 438 469
test_Sumida_00043.jpg,2 338 473 382 548 4 328 440 513 468
test_Sumida_00044.jpg,2 357 413 452 530
test_Sumida_00045.jpg,7 194 433 592 546
test_Sumida_00046.jpg,2 320 408 378 534
test_Sumida_00047.jpg,2 352 370 584 538 1 454 453 521 515
test_Sumida_00048.jpg,8 379 439 485 561 2 265 420 314 548
test_Sumida_00049.jpg,8 369 419 528 551 2 342 425 402 543
test_Sumida_00050.jpg,2 341 408 402 539
test_Sumida_00051.jpg,8 383 429 571 558
test_Sumida_00052.jpg,2 105 406 255 561
test_Sumida_00053.jpg,8 302 386 430 541
test_Sumida_00054.jpg,2 233 425 287 541
test_Sumida_00055.jpg,8 379 430 533 554 2 342 428 404 542
test_Sumida_00056.jpg,7 85 459 603 547
test_Sumida_00057.jpg,7 192 431 598 544
test_Sumida_00058.jpg,8 323 453 573 570 2 15 425 220 525
test_Sumida_00059.jpg,2 327 403 419 548
test_Sumida_00060.jpg,2 48 483 165 569 1 290 422 345 498
test_Sumida_00061.jpg,8 41 438 201 559 8 424 402 601 513 2 371 437 440 538
test_Sumida_00062.jpg,8 387 409 603 558
test_Sumida_00063.jpg,2 126 435 257 537 7 255 397 593 421 2 406 425 593 513 2 326 425 359 545
test_Sumida_00064.jpg,2 123 401 189 528
test_Sumida_00065.jpg,8 364 412 565 557 1 358 448 433 531
test_Sumida_00066.jpg,8 357 428 594 569 5 68 431 298 563
test_Sumida_00067.jpg,2 303 408 324 458
test_Sumida_00068.jpg,2 330 404 396 532
test_Sumida_00069.jpg,8 402 442 598 589
test_Sumida_00070.jpg,7 74 436 552 517
test_Sumida_00071.jpg,8 98 431 274 562 2 355 451 389 538 4 243 432 467 451
test_Sumida_00072.jpg,7 185 428 602 518
test_Sumida_00073.jpg,2 246 380 350 536
test_Sumida_00074.jpg,7 114 450 585 575
test_Sumida_00075.jpg,2 212 393 295 542 4 256 419 554 458
test_Sumida_00076.jpg,2 338 417 410 557
test_Sumida_00077.jpg,3 152 447 275 505
test_Sumida_00078.jpg,2 251 424 306 523
test_Sumida_00079.jpg,8 45 403 213 570 2 268 399 404 547
test_Sumida_00080.jpg,8 313 386 430 539
test_Sumida_00081.jpg,7 26 450 582 571
test_Sumida_00082.jpg,2 288 380 326 493
test_Sumida_00083.jpg,2 383 411 574 531 2 272 403 328 554
test_Sumida_00084.jpg,8 416 447 605 530 2 332 416 359 516
test_Sumida_00085.jpg,8 269 422 366 478
test_Sumida_00086.jpg,2 345 433 376 528
test_Sumida_00087.jpg,2 376 422 491 569
test_Sumida_00088.jpg,8 354 412 421 472
test_Sumida_00089.jpg,7 12 435 594 533
test_Sumida_00090.jpg,8 257 426 344 572
test_Sumida_00091.jpg,1 179 379 295 472
test_Sumida_00092.jpg,2 377 437 430 512
test_Sumida_00093.jpg,8 108 429 281 566 1 450 479 546 563
test_Sumida_00094.jpg,2 155 420 261 534
test_Sumida_00095.jpg,1 171 396 276 492
test_Sumida_00096.jpg,2 212 428 314 554 8 406 422 590 577 2 -3 409 179 520
test_Sumida_00097.jpg,7 22 424 407 542
test_Sumida_00098.jpg,7 12 444 585 529
test_Sumida_00099.jpg,2 141 424 275 552
test_Sumida_00100.jpg,2 281 392 324 514
test_Sumida_00101.jpg,1 320 433 394 547
test_Sumida_00102.jpg,2 309 397 393 549
test_Sumida_00103.jpg,7 176 463 598 569
test_Sumida_00104.jpg,2 221 410 410 547
test_Sumida_00105.jpg,2 321 463 371 535
test_Sumida_00106.jpg,3 129 466 278 504 8 414 411 596 517
test_Sumida_00107.jpg,2 415 411 468 474
test_Sumida_00108.jpg,2 248 406 301 538
test_Sumida_00109.jpg,7 440 463 589 571
test_Sumida_00110.jpg,8 399 431 598 579
test_Sumida_00111.jpg,2 318 457 359 515
test_Sumida_00112.jpg,7 128 451 590 559
test_Sumida_00113.jpg,2 324 426 352 556
test_Sumida_00114.jpg,4 202 472 463 518 8 403 450 585 594
test_Sumida_00115.jpg,2 201 399 321 560 8 432 411 599 523
test_Sumida_00116.jpg,8 232 429 386 486
test_Sumida_00117.jpg,8 101 438 238 568 2 344 431 431 524
test_Sumida_00118.jpg,6 221 445 360 509
test_Sumida_00119.jpg,7 19 428 585 561
test_Sumida_00120.jpg,7 94 407 596 474
test_Sumida_00121.jpg,8 357 409 465 521
test_Sumida_00122.jpg,7 23 431 584 519
test_Sumida_00123.jpg,2 7 406 195 525 8 27 435 143 496
test_Sumida_00124.jpg,8 381 430 520 571
test_Sumida_00125.jpg,2 301 406 377 542
test_Sumida_00126.jpg,4 130 427 447 518
test_Sumida_00127.jpg,7 9 481 583 568
test_Sumida_00128.jpg,8 71 380 176 535 2 212 390 278 517
test_Sumida_00129.jpg,2 187 452 299 565 2 441 479 564 586
test_Sumida_00130.jpg,2 359 413 425 547
test_Sumida_00131.jpg,2 269 414 313 548
test_Sumida_00132.jpg,2 399 451 501 555
test_Sumida_00133.jpg,2 207 369 298 474
test_Sumida_00134.jpg,2 135 415 227 523
test_Sumida_00135.jpg,8 475 492 600 593
test_Sumida_00136.jpg,7 -7 462 602 559
test_Sumida_00137.jpg,2 25 423 183 517
test_Sumida_00138.jpg,2 264 429 319 550
test_Sumida_00139.jpg,2 182 431 263 533
test_Sumida_00140.jpg,2 326 463 367 566
test_Sumida_00141.jpg,8 381 428 587 595 1 171 457 276 531
test_Sumida_00142.jpg,8 320 388 420 543
test_Sumida_00143.jpg,7 91 437 597 566
test_Sumida_00144.jpg,7 128 464 588 570 2 425 406 571 508
test_Sumida_00145.jpg,3 460 479 599 510 8 392 437 554 563
test_Sumida_00146.jpg,8 378 423 590 568 8 95 428 224 555 2 212 421 270 543
test_Sumida_00147.jpg,8 -2 468 159 570 1 272 393 314 515
test_Sumida_00148.jpg,5 286 397 532 504
test_Sumida_00149.jpg,2 246 386 284 515
test_Sumida_00150.jpg,8 388 424 564 569
test_Sumida_00151.jpg,2 363 383 507 547
test_Sumida_00152.jpg,2 397 452 488 534
test_Sumida_00153.jpg,2 153 429 248 508 8 340 403 422 569
test_Sumida_00154.jpg,8 242 404 338 455 1 387 428 447 469
test_Sumida_00155.jpg,2 233 389 442 545
test_Sumida_00156.jpg,2 202 444 273 558
test_Sumida_00157.jpg,8 343 399 589 559 8 141 409 275 558
test_Sumida_00158.jpg,8 307 370 619 536 6 157 396 257 537
test_Sumida_00159.jpg,2 174 428 314 568
test_Sumida_00160.jpg,2 379 428 546 571
test_Sumida_00161.jpg,8 340 393 538 539 1 170 427 250 523 3 83 490 362 535
test_Sumida_00162.jpg,8 346 415 441 465
test_Sumida_00163.jpg,4 193 418 301 451
test_Sumida_00164.jpg,7 223 415 599 503
test_Sumida_00165.jpg,2 8 421 198 556 8 426 456 579 566
test_Sumida_00166.jpg,2 332 389 390 536
test_Sumida_00167.jpg,8 374 415 585 596 4 198 442 518 500
test_Sumida_00168.jpg,2 251 419 297 545
test_Sumida_00169.jpg,2 0 397 264 563 8 2 513 95 565
test_Sumida_00170.jpg,8 312 381 415 544
test_Sumida_00171.jpg,1 286 477 344 557
test_Sumida_00172.jpg,7 142 442 603 563
test_Sumida_00173.jpg,2 21 474 134 573 2 140 406 271 573
test_Sumida_00174.jpg,8 402 392 604 557 3 146 453 400 501 1 279 423 319 477
test_Sumida_00175.jpg,4 284 436 564 490
test_Sumida_00176.jpg,2 291 387 326 482
test_Sumida_00177.jpg,8 390 397 601 542
test_Sumida_00178.jpg,7 83 519 599 594 8 230 453 289 525
test_Sumida_00179.jpg,2 365 426 480 542
test_Sumida_00180.jpg,8 120 474 223 574 1 195 438 277 547
test_Sumida_00181.jpg,7 16 494 584 600
test_Sumida_00182.jpg,1 364 461 445 571 2 269 460 312 567
test_Sumida_00183.jpg,8 301 407 374 439 1 338 442 428 489
test_Sumida_00184.jpg,2 324 413 372 532
test_Sumida_00185.jpg,8 235 388 311 522
test_Sumida_00186.jpg,8 399 442 597 593
test_Sumida_00187.jpg,2 333 394 517 550
test_Sumida_00188.jpg,2 118 418 226 553 1 202 449 272 520 2 87 455 119 540
test_Sumida_00189.jpg,8 331 398 420 519
test_Sumida_00190.jpg,2 339 452 376 544 4 199 441 341 462
test_Sumida_00191.jpg,2 339 426 375 534
test_Sumida_00192.jpg,5 253 404 470 531 2 248 418 290 541
test_Sumida_00193.jpg,2 186 394 285 541
test_Sumida_00194.jpg,7 199 431 588 546
test_Sumida_00195.jpg,8 413 443 607 581
test_Sumida_00196.jpg,2 180 447 218 539
test_Sumida_00197.jpg,2 237 384 279 462
test_Sumida_00198.jpg,2 366 410 509 542
test_Sumida_00199.jpg,8 355 411 590 582 2 177 405 289 552
test_Sumida_00200.jpg,5 226 434 360 553 2 419 436 468 466
test_Sumida_00201.jpg,2 364 440 429 555
test_Sumida_00202.jpg,2 259 421 311 537
test_Sumida_00203.jpg,8 242 481 437 523
test_Sumida_00204.jpg,8 417 417 591 542
test_Sumida_00205.jpg,8 380 420 582 575
test_Sumida_00206.jpg,4 332 458 582 489 2 310 462 349 547
test_Sumida_00207.jpg,2 190 488 235 553
test_Sumida_00208.jpg,2 483 413 574 566 2 266 420 424 539
test_Sumida_00209.jpg,2 435 465 516 542
test_Sumida_00210.jpg,2 329 434 394 568
test_Sumida_00211.jpg,8 345 402 545 562
test_Sumida_00212.jpg,2 319 399 382 495
test_Sumida_00213.jpg,8 311 383 377 460 2 366 438 428 521
test_Sumida_00214.jpg,8 73 466 194 557
test_Sumida_00215.jpg,8 386 441 596 593
test_Sumida_00216.jpg,7 65 435 598 520
test_Sumida_00217.jpg,5 244 475 487 527
test_Sumida_00218.jpg,2 246 396 297 535
test_Sumida_00219.jpg,2 223 392 306 543 8 357 395 603 564
test_Sumida_00220.jpg,2 201 397 285 543
test_Sumida_00221.jpg,8 352 394 593 559
test_Sumida_00222.jpg,1 283 393 320 476
test_Sumida_00223.jpg,8 336 394 513 556 2 323 400 385 539
test_Sumida_00224.jpg,2 179 391 254 446
test_Sumida_00225.jpg,8 415 444 578 567
test_Sumida_00226.jpg,2 130 429 297 568 8 214 421 315 572
test_Sumida_00227.jpg,2 350 413 457 546
test_Sumida_00228.jpg,4 12 481 505 546 8 211 449 596 480
